Date,companyid,DayOpen,DayClose
2020-10-13,0,166.85658800375,165.200912475586
2020-10-14,0,165.577640871152,166.955718994141
2020-10-15,0,164.625885881621,167.629898071289
2020-10-16,0,168.482527538075,169.503692626953
2020-10-19,0,169.553264844142,168.09587097168
2020-10-20,0,169.037718620427,169.483856201172
2020-10-21,0,168.879079921926,167.719116210938
2020-10-22,0,168.185095411911,169.24592590332
2020-10-23,0,170.445532538356,168.343719482422
2020-10-26,0,166.241892468813,164.734939575195
2020-10-27,0,163.089166553432,159.64892578125
2020-10-28,0,158.439400616583,157.170379638672
2020-10-29,0,156.75398195142,157.120803833008
2020-10-30,0,156.972094261134,158.588119506836
2020-11-02,0,160.798989095108,161.542556762695
2020-11-03,0,163.446080646876,164.09049987793
2020-11-04,0,161.354175459493,158.786392211914
2020-11-05,0,160.769249630529,161.800323486328
2020-11-06,0,162.256382417447,161.621871948242
2020-11-09,0,172.636579138534,162.028335571289
2020-11-10,0,163.773256876428,167.689376831055
2020-11-11,0,169.265741997932,167.7587890625
2020-11-12,0,166.707866415134,165.617309570313
2020-11-13,0,166.479844034836,168.333801269531
2020-11-16,0,171.139525854323,172.368896484375
2020-11-17,0,171.55592716289,172.150787353516
2020-11-18,0,173.00341177277,169.929992675781
2020-11-19,0,170.570007324219,171.610000610352
2020-11-20,0,171.5,172.889999389648
2020-11-23,0,173.759994506836,174.139999389648
2020-11-24,0,175,177.080001831055
2020-11-25,0,176.839996337891,177.119995117188
2020-11-27,0,177.820007324219,176.889999389648
2020-11-30,0,175.770004272461,172.729995727539
2020-12-01,0,174.220001220703,170.520004272461
2020-12-02,0,170.259994506836,171.850006103516
2020-12-03,0,171.039993286133,171.830001831055
2020-12-04,0,172.130004882813,172.460006713867
2020-12-07,0,171.720001220703,170.149993896484
2020-12-08,0,169.740005493164,172.460006713867
2020-12-09,0,172.669998168945,175.289993286133
2020-12-10,0,174.869995117188,173.490005493164
2020-12-11,0,172.300003051758,174.020004272461
2020-12-14,0,175.669998168945,173.080001831055
2020-12-15,0,174.389999389648,174.679992675781
2020-12-16,0,174.610000610352,175.410003662109
2020-12-17,0,176,176.649993896484
2020-12-18,0,176.759994506836,176.419998168945
2020-12-21,0,173.610000610352,175.660003662109
2020-12-22,0,175.050003051758,174.779998779297
2020-12-23,0,175.300003051758,173.990005493164
2020-12-24,0,174.419998168945,174.520004272461
2020-12-28,0,175.309997558594,174.710006713867
2020-12-29,0,175.550003051758,173.850006103516
2020-12-30,0,173.880004882813,174.110000610352
2020-12-31,0,174.119995117188,174.789993286133
2021-01-04,0,175,171.869995117188
2021-01-05,0,172.009994506836,171.580001831055
2021-01-06,0,172.720001220703,174.190002441406
2021-01-07,0,171.559997558594,169.720001220703
2021-01-08,0,169.169998168945,166.619995117188
2021-01-11,0,166.100006103516,165.199996948242
2021-01-12,0,165.899993896484,166.509994506836
2021-01-13,0,167.270004272461,166.883407592773
2020-10-13,1,165.360000610352,162.139999389648
2020-10-14,1,162.699996948242,163.240005493164
2020-10-15,1,161.009994506836,164.240005493164
2020-10-16,1,171.220001220703,167.350006103516
2020-10-19,1,169.089996337891,167.110000610352
2020-10-20,1,168.289993286133,167.240005493164
2020-10-21,1,166.440002441406,163.860000610352
2020-10-22,1,164.699996948242,169.070007324219
2020-10-23,1,169.990005493164,167.360000610352
2020-10-26,1,164.949996948242,160.830001831055
2020-10-27,1,159.160003662109,155.240005493164
2020-10-28,1,153,148.139999389648
2020-10-29,1,148.029998779297,148.289993286133
2020-10-30,1,147.199996948242,144.389999389648
2020-11-02,1,145.75,148.600006103516
2020-11-03,1,151.830001831055,153.649993896484
2020-11-04,1,153.169998168945,151.630004882813
2020-11-05,1,152.479995727539,157.089996337891
2020-11-06,1,156.330001831055,157.740005493164
2020-11-09,1,179,179.360000610352
2020-11-10,1,182.800003051758,188.690002441406
2020-11-11,1,189.889999389648,182.149993896484
2020-11-12,1,178.949996948242,176.720001220703
2020-11-13,1,179,187.110000610352
2020-11-16,1,194.559997558594,202.399993896484
2020-11-17,1,200.25,210.050003051758
2020-11-18,1,223.020004272461,203.300003051758
2020-11-19,1,200.449996948242,205.669998168945
2020-11-20,1,204.589996337891,199.619995117188
2020-11-23,1,203.240005493164,211.529998779297
2020-11-24,1,219.429992675781,218.490005493164
2020-11-25,1,217.710006713867,217.610000610352
2020-11-27,1,218.25,216.5
2020-11-30,1,215.699996948242,210.710006713867
2020-12-01,1,214.309997558594,213.009994506836
2020-12-02,1,213.009994506836,223.850006103516
2020-12-03,1,228.300003051758,237.199996948242
2020-12-04,1,236.360000610352,232.710006713867
2020-12-07,1,238.5,238.169998168945
2020-12-08,1,238.699996948242,236.570007324219
2020-12-09,1,238.639999389648,232.059997558594
2020-12-10,1,228.100006103516,234.429992675781
2020-12-11,1,232.820007324219,230.330001831055
2020-12-14,1,235,228.619995117188
2020-12-15,1,230,229.5
2020-12-16,1,229.330001831055,225.869995117188
2020-12-17,1,227.240005493164,221.240005493164
2020-12-18,1,222.050003051758,219.75
2020-12-21,1,212.339996337891,219.309997558594
2020-12-22,1,223.279998779297,218.779998779297
2020-12-23,1,219.550003051758,219.690002441406
2020-12-24,1,219.619995117188,217.149993896484
2020-12-28,1,218.190002441406,216.089996337891
2020-12-29,1,218.300003051758,216.25
2020-12-30,1,216.360000610352,216.669998168945
2020-12-31,1,216.240005493164,214.059997558594
2021-01-04,1,210,202.720001220703
2021-01-05,1,204.740005493164,211.630004882813
2021-01-06,1,210.220001220703,211.029998779297
2021-01-07,1,213.389999389648,212.710006713867
2021-01-08,1,213.610000610352,209.899993896484
2021-01-11,1,203.029998779297,206.789993286133
2021-01-12,1,206.649993896484,208.410003662109
2021-01-13,1,207.149993896484,207.460006713867
2020-10-13,2,160.738207151608,161.135772705078
2020-10-14,2,161.672500187973,162.616729736328
2020-10-15,2,159.297009615668,164.038040161133
2020-10-16,2,166.234631347656,167.725524902344
2020-10-19,2,167.715584957715,166.512924194336
2020-10-20,2,167.178853156276,167.964065551758
2020-10-21,2,168.779085359402,166.383712768555
2020-10-22,2,166.960196206078,168.630004882813
2020-10-23,2,169.369995117188,168.589996337891
2020-10-26,2,166.639999389648,163.199996948242
2020-10-27,2,160.960006713867,157.910003662109
2020-10-28,2,153.800003051758,151.160003662109
2020-10-29,2,150.600006103516,154.669998168945
2020-10-30,2,153.960006713867,157.050003051758
2020-11-02,2,159.199996948242,163.270004272461
2020-11-03,2,165,167.690002441406
2020-11-04,2,159.179992675781,155.229995727539
2020-11-05,2,157.669998168945,163.089996337891
2020-11-06,2,163.940002441406,161.289993286133
2020-11-09,2,174.029998779297,170.820007324219
2020-11-10,2,171.899993896484,172.300003051758
2020-11-11,2,172.380004882813,169.460006713867
2020-11-12,2,168.830001831055,169.130004882813
2020-11-13,2,170.300003051758,171.710006713867
2020-11-16,2,175,173.190002441406
2020-11-17,2,172.169998168945,171.910003662109
2020-11-18,2,172.039993286133,172.740005493164
2020-11-19,2,172.5,172.899993896484
2020-11-20,2,172.449996948242,172.229995727539
2020-11-23,2,173.759994506836,174.779998779297
2020-11-24,2,176.25,176.899993896484
2020-11-25,2,176.460006713867,174.630004882813
2020-11-27,2,174.410003662109,175.080001831055
2020-11-30,2,173.610000610352,173.589996337891
2020-12-01,2,175.389999389648,173.259994506836
2020-12-02,2,173.259994506836,173.869995117188
2020-12-03,2,173.869995117188,174.630004882813
2020-12-04,2,175.919998168945,182.210006713867
2020-12-07,2,180.389999389648,178.710006713867
2020-12-08,2,177.660003662109,178.839996337891
2020-12-09,2,179.619995117188,180.070007324219
2020-12-10,2,179.240005493164,178.850006103516
2020-12-11,2,176.990005493164,179.289993286133
2020-12-14,2,180.600006103516,178.050003051758
2020-12-15,2,179.929992675781,181.740005493164
2020-12-16,2,180.850006103516,179.5
2020-12-17,2,180.669998168945,179.169998168945
2020-12-18,2,180.070007324219,180.960006713867
2020-12-21,2,176.940002441406,180.160003662109
2020-12-22,2,179.289993286133,176.580001831055
2020-12-23,2,177.449996948242,178.419998168945
2020-12-24,2,179.449996948242,179.559997558594
2020-12-28,2,180.479995727539,178.369995117188
2020-12-29,2,179.169998168945,176.649993896484
2020-12-30,2,179.770004272461,180.039993286133
2020-12-31,2,180.25,182.020004272461
2021-01-04,2,183,182.149993896484
2021-01-05,2,181.210006713867,183.639999389648
2021-01-06,2,187.149993896484,193.860000610352
2021-01-07,2,196.850006103516,194.229995727539
2021-01-08,2,193.850006103516,194.259994506836
2021-01-11,2,191.559997558594,193.860000610352
2021-01-12,2,194.679992675781,197.539993286133
2021-01-13,2,198.789993286133,198.259994506836
2020-10-13,3,173.118333887939,170.749450683594
2020-10-14,3,172.282260378561,172.660491943359
2020-10-15,3,170.261734536611,171.804504394531
2020-10-16,3,172.491288607507,174.044006347656
2020-10-19,3,173.77526117621,170.789260864258
2020-10-20,3,171.665155077697,172.451461791992
2020-10-21,3,171.784586064164,172.063278198242
2020-10-22,3,172.799833529593,176.024719238281
2020-10-23,3,177.16935213773,174.720825195313
2020-10-26,3,172.391744035117,169.375885009766
2020-10-27,3,168.251154379999,165.97184753418
2020-10-28,3,161.761597835879,160.407943725586
2020-10-29,3,159.661444285088,163.831893920898
2020-10-30,3,160.786161313265,164.180252075195
2020-11-02,3,168.410411189254,172.799835205078
2020-11-03,3,174.710883185941,178.373718261719
2020-11-04,3,175.616629025764,178.075103759766
2020-11-05,3,179.548200077544,182.424713134766
2020-11-06,3,182.673543009852,183.410095214844
2020-11-09,3,203.943815711239,196.070739746094
2020-11-10,3,198.479446010983,201.037445068359
2020-11-11,3,201.35596407596,198.360000610352
2020-11-12,3,197.550003051758,197.240005493164
2020-11-13,3,198.839996337891,201.539993286133
2020-11-16,3,205.990005493164,208.589996337891
2020-11-17,3,206.910003662109,205.330001831055
2020-11-18,3,204.5,201.110000610352
2020-11-19,3,201.279998779297,202.720001220703
2020-11-20,3,201.770004272461,202
2020-11-23,3,203.649993896484,204.580001831055
2020-11-24,3,208.300003051758,207.889999389648
2020-11-25,3,208,207.679992675781
2020-11-27,3,207.669998168945,209.410003662109
2020-11-30,3,207.169998168945,203.919998168945
2020-12-01,3,207.089996337891,206.199996948242
2020-12-02,3,205.990005493164,208
2020-12-03,3,206.610000610352,208.220001220703
2020-12-04,3,209.389999389648,212.679992675781
2020-12-07,3,211.509994506836,211.100006103516
2020-12-08,3,210.320007324219,212.070007324219
2020-12-09,3,212.839996337891,212.240005493164
2020-12-10,3,210.25,211.970001220703
2020-12-11,3,209.550003051758,214.630004882813
2020-12-14,3,216,211.850006103516
2020-12-15,3,214,214.169998168945
2020-12-16,3,213.389999389648,210.309997558594
2020-12-17,3,210.949996948242,211.940002441406
2020-12-18,3,212.289993286133,210.039993286133
2020-12-21,3,205.630004882813,210.660003662109
2020-12-22,3,210.570007324219,207.940002441406
2020-12-23,3,209.610000610352,209.990005493164
2020-12-24,3,210.529998779297,209.529998779297
2020-12-28,3,211,209.940002441406
2020-12-29,3,211.399993896484,209.130004882813
2020-12-30,3,210,210.949996948242
2020-12-31,3,211,212.699996948242
2021-01-04,3,212.839996337891,207.949996948242
2021-01-05,3,206.979995727539,208.460006713867
2021-01-06,3,209.449996948242,212.259994506836
2021-01-07,3,212.889999389648,212.610000610352
2021-01-08,3,212.800003051758,210.029998779297
2021-01-11,3,208.110000610352,208.360000610352
2021-01-12,3,207.860000610352,208.880004882813
2021-01-13,3,208.279998779297,207.869995117188
2020-10-13,4,105.519996384633,104.643074035645
2020-10-14,4,105.011779369074,104.443771362305
2020-10-15,4,103.078563004372,104.065101623535
2020-10-16,4,104.284332878427,104.543426513672
2020-10-19,4,104.762655292813,102.111953735352
2020-10-20,4,102.580311557244,102.779609680176
2020-10-21,4,102.809502388811,101.075584411621
2020-10-22,4,101.344636517523,104.423843383789
2020-10-23,4,100.278376006154,100.627159118652
2020-10-26,4,99.4213822270657,96.5414810180664
2020-10-27,4,97.2789001886161,94.5982971191406
2020-10-28,4,91.6386728123613,91.2799301147461
2020-10-29,4,91.0906012126152,90.7517852783203
2020-10-30,4,90.4827309661256,90.9211883544922
2020-11-02,4,92.6351815449656,93.0736465454102
2020-11-03,4,94.4189247688144,95.9535446166992
2020-11-04,4,93.6715482391809,96.0631637573242
2020-11-05,4,96.8703246857483,97.7671813964844
2020-11-06,4,98.175749832014,96.3521499633789
2020-11-09,4,110.153748428322,116.959884643555
2020-11-10,4,118.175620310158,115.544845581055
2020-11-11,4,115.524918081113,110.731727600098
2020-11-12,4,109.436265794617,110.711791992188
2020-11-13,4,111.947454002703,114.588195800781
2020-11-16,4,118.683838371074,118.255340576172
2020-11-17,4,116.561283756397,116.072998046875
2020-11-18,4,116.531390530579,113.8408203125
2020-11-19,4,113.382430089935,113.741172790527
2020-11-20,4,113.342565371857,112.186622619629
2020-11-23,4,113.840822447861,115.684356689453
2020-11-24,4,118.58418741276,119.969329833984
2020-11-25,4,119.08244045333,120.158668518066
2020-11-27,4,120.108844591337,120.168632507324
2020-11-30,4,119.610591840176,118.175621032715
2020-12-01,4,119.899577204413,119.510940551758
2020-12-02,4,118.863211616163,121.902557373047
2020-12-03,4,122.420735625067,122.689796447754
2020-12-04,4,123.9154969317,124.603088378906
2020-12-07,4,124.074935474673,123.506927490234
2020-12-08,4,122.042067627379,123.088394165039
2020-12-09,4,122.849233970788,121.264793395996
2020-12-10,4,120.29817925385,121.414260864258
2020-12-11,4,119.690314940788,119.809898376465
2020-12-14,4,121.304653713379,116.949920654297
2020-12-15,4,118.374923529063,118.683837890625
2020-12-16,4,118.514435266663,118.584190368652
2020-12-17,4,118.992760184491,118.564262390137
2020-12-18,4,118.175616210901,117.099395751953
2020-12-21,4,115.365471793496,116.003242492676
2020-12-22,4,115.784011025885,114.149742126465
2020-12-23,4,115.375441346517,116.541351318359
2020-12-24,4,116.521426044549,116.939956665039
2020-12-28,4,117.637512028323,117.946426391602
2020-12-29,4,118.823350609776,117.727195739746
2020-12-30,4,117.836810538108,119.012687683105
2020-12-31,4,119.291706804951,120.487518310547
2021-01-04,4,120.876159328374,117.627548217773
2021-01-05,4,117.846777154653,118.255340576172
2021-01-06,4,120.577197806286,122.629997253418
2021-01-07,4,124.099998474121,121.660003662109
2021-01-08,4,122.069999694824,121.779998779297
2021-01-11,4,120.419998168945,121.059997558594
2021-01-12,4,122,121.620002746582
2021-01-13,4,121.599998474121,123.074996948242
2020-10-13,5,212.849824734903,209.667175292969
2020-10-14,5,212.720543131935,210.084899902344
2020-10-15,5,208.443845047682,207.469161987305
2020-10-16,5,207.190679351237,205.09211730957
2020-10-19,5,206.265717004103,204.574935913086
2020-10-20,5,205.579460408166,206.902252197266
2020-10-21,5,206.265722141118,201.810012817383
2020-10-22,5,202.098428489,204.286499023438
2020-10-23,5,205.639128464865,203.928451538086
2020-10-26,5,201.392293955547,200.049606323242
2020-10-27,5,198.915774413206,194.619186401367
2020-10-28,5,190.272886278355,188.741241455078
2020-10-29,5,188.77108365374,188.91032409668
2020-10-30,5,188.482635777078,188.015182495117
2020-11-02,5,190.959144551517,189.168899536133
2020-11-03,5,192.888634525825,196.856994628906
2020-11-04,5,195.186104580737,196.797317504883
2020-11-05,5,198.567672287902,201.859741210938
2020-11-06,5,203.23225016647,200.1689453125
2020-11-09,5,213.327229583362,213.764831542969
2020-11-10,5,214.08311026701,216.291076660156
2020-11-11,5,217.454733097526,216.867935180664
2020-11-12,5,214.053264605432,213.347106933594
2020-11-13,5,214.679863615829,217.892349243164
2020-11-16,5,222.318213364226,221.174453735352
2020-11-17,5,218.827254170543,223.432144165039
2020-11-18,5,223.780247589666,223.084045410156
2020-11-19,5,223.084044293804,223.352584838867
2020-11-20,5,221.791097243198,222.139205932617
2020-11-23,5,224.83450497994,227.589492797852
2020-11-24,5,229.847194868228,236.212493896484
2020-11-25,5,233.726045574458,235.257690429688
2020-11-27,5,235.715203186274,234.123870849609
2020-11-30,5,230.792034010595,229.330001831055
2020-12-01,5,231.960006713867,232.080001831055
2020-12-02,5,232.080001831055,237.649993896484
2020-12-03,5,237.289993286133,235.470001220703
2020-12-04,5,237.699996948242,239.580001831055
2020-12-07,5,238.539993286133,238.449996948242
2020-12-08,5,237.009994506836,238.839996337891
2020-12-09,5,240,242.820007324219
2020-12-10,5,240,244.399993896484
2020-12-11,5,240.809997558594,239.990005493164
2020-12-14,5,243.279998779297,237.789993286133
2020-12-15,5,239.5,242.429992675781
2020-12-16,5,243.559997558594,243.770004272461
2020-12-17,5,245,244.429992675781
2020-12-18,5,245.389999389648,242.130004882813
2020-12-21,5,250.289993286133,256.980010986328
2020-12-22,5,256.859985351563,250.089996337891
2020-12-23,5,251.5,256.450012207031
2020-12-24,5,257.040008544922,256.160003662109
2020-12-28,5,257.809997558594,259.589996337891
2020-12-29,5,260.260009765625,258.010009765625
2020-12-30,5,258.809997558594,259.450012207031
2020-12-31,5,258.799987792969,263.709991455078
2021-01-04,5,267,265
2021-01-05,5,263.880004882813,270.929992675781
2021-01-06,5,276.290008544922,285.549987792969
2021-01-07,5,287.769989013672,291.649993896484
2021-01-08,5,292,290.079986572266
2021-01-11,5,286.799987792969,293.829986572266
2021-01-12,5,297.140014648438,302.209991455078
2021-01-13,5,300.079986572266,302.394989013672
2020-10-13,6,102.263522454706,100.059394836426
2020-10-14,6,100.307608579898,99.5034027099609
2020-10-15,6,98.3914067608394,100.99267578125
2020-10-16,6,100.684896228016,100.7841796875
2020-10-19,6,100.873535571609,99.0864105224609
2020-10-20,6,99.5927599823295,99.6523361206055
2020-10-21,6,99.6424040195214,98.6594848632813
2020-10-22,6,98.6098360068888,102.144378662109
2020-10-23,6,102.759952755225,103.067733764648
2020-10-26,6,101.916027422506,100.516105651855
2020-10-27,6,99.7913292284944,98.6197662353516
2020-10-28,6,96.8028510416447,95.8497161865234
2020-10-29,6,95.4327243645097,96.475212097168
2020-10-30,6,97.2099215187689,97.3389892578125
2020-11-02,6,98.6793364715458,99.5331878662109
2020-11-03,6,102.283382502381,102.670600891113
2020-11-04,6,100.277825181918,99.5331878662109
2020-11-05,6,100.337397484205,103.603874206543
2020-11-06,6,104.27900694672,102.223808288574
2020-11-09,6,112.350884278845,116.064140319824
2020-11-10,6,116.51091862592,115.686851501465
2020-11-11,6,116.054210833797,113.959297180176
2020-11-12,6,111.725381843582,112.559379577637
2020-11-13,6,113.87986713259,113.264305114746
2020-11-16,6,116.947775088145,116.461280822754
2020-11-17,6,114.564932123793,115.27978515625
2020-11-18,6,116.500986182194,114.425933837891
2020-11-19,6,113.363588894025,114.73371887207
2020-11-20,6,113.611802720653,113.750801086426
2020-11-23,6,115.220220122357,117.027206420898
2020-11-24,6,119.211470693398,122.438232421875
2020-11-25,6,120.502178539255,121.157455444336
2020-11-27,6,121.127670193651,120.353248596191
2020-11-30,6,119.141968809704,117.037124633789
2020-12-01,6,119.479535545834,118.883827209473
2020-12-02,6,118.844116475488,121.167388916016
2020-12-03,6,120.978739227767,120.373100280762
2020-12-04,6,121.604246418893,121.465240478516
2020-12-07,6,120.283753558389,121.008529663086
2020-12-08,6,120.174535430866,121.127670288086
2020-12-09,6,122.289307855152,120.184471130371
2020-12-10,6,119.132045077765,119.410041809082
2020-12-11,6,118.089554261462,118.705116271973
2020-12-14,6,120.472388747373,117.454132080078
2020-12-15,6,118.43705220886,119.459686279297
2020-12-16,6,119.439832737701,119.807182312012
2020-12-17,6,120.39296613982,118.814331054688
2020-12-18,6,118.288122334899,118.228553771973
2020-12-21,6,122.289307688195,122.666595458984
2020-12-22,6,122.507728703191,120.800025939941
2020-12-23,6,121.902093336519,124.175720214844
2020-12-24,6,124.195570350119,123.62964630127
2020-12-28,6,124.920357843951,124.443786621094
2020-12-29,6,125.297635959033,124.116149902344
2020-12-30,6,124.592713676309,124.463645935059
2020-12-31,6,124.195576808977,126.161422729492
2021-01-04,6,126.588343592233,124.970001220703
2021-01-05,6,124.98999786377,125.650001525879
2021-01-06,6,129.880004882813,131.550003051758
2021-01-07,6,135.690002441406,135.869995117188
2021-01-08,6,135.970001220703,136.020004272461
2021-01-11,6,134.580001831055,138.050003051758
2021-01-12,6,139.440002441406,140.220001220703
2021-01-13,6,138.589996337891,139.705001831055
2020-10-13,7,114.784118359258,112.18058013916
2020-10-14,7,112.05139701831,111.325981140137
2020-10-15,7,109.885099586744,111.932151794434
2020-10-16,7,112.081211452046,112.607879638672
2020-10-19,7,112.79668773744,111.137176513672
2020-10-20,7,114.853675176302,117.367774963379
2020-10-21,7,117.755324707031,124.214477539063
2020-10-22,7,122.545034618127,125.347312927246
2020-10-23,7,126.629207058818,125.178382873535
2020-10-26,7,123.071703357715,120.776222229004
2020-10-27,7,120.25948561195,118.341613769531
2020-10-28,7,116.443621010452,120.736473083496
2020-10-29,7,120.279362684688,121.690437316895
2020-10-30,7,120.905405206536,119.951438903809
2020-11-02,7,122.296608915971,123.141265869141
2020-11-03,7,124.711333389212,125.546051025391
2020-11-04,7,121.928928978943,122.624534606934
2020-11-05,7,123.250575234954,126.708709716797
2020-11-06,7,127.036629594402,126.20191192627
2020-11-09,7,137.579950318342,133.436157226563
2020-11-10,7,134.429882567947,135.50309753418
2020-11-11,7,135.234781257327,134.111892700195
2020-11-12,7,133.138035391745,131.567962646484
2020-11-13,7,132.929369850401,133.783966064453
2020-11-16,7,136.934037993335,135.433517456055
2020-11-17,7,135.224848661592,134.191375732422
2020-11-18,7,134.588872187747,133.525588989258
2020-11-19,7,132.283445432964,133.028732299805
2020-11-20,7,132.114516382485,133.704467773438
2020-11-23,7,134.708114501387,133.783966064453
2020-11-24,7,135.9403250681,135.532897949219
2020-11-25,7,134.708121453043,135.165237426758
2020-11-27,7,134.827351689241,133.595153808594
2020-11-30,7,132.32320311014,128.835250854492
2020-12-01,7,131.677271463494,132.571624755859
2020-12-02,7,131.746845741959,133.197662353516
2020-12-03,7,132.909497978032,134.241073608398
2020-12-04,7,134.688237677832,135.304351806641
2020-12-07,7,133.774024607934,133.058547973633
2020-12-08,7,132.233778634829,134.410003662109
2020-12-09,7,134.899993896484,134.910003662109
2020-12-10,7,134.479995727539,136.710006713867
2020-12-11,7,134.800003051758,134.949996948242
2020-12-14,7,136.190002441406,133.990005493164
2020-12-15,7,134.710006713867,137.259994506836
2020-12-16,7,137.729995727539,137.440002441406
2020-12-17,7,137.75,138.029998779297
2020-12-18,7,138.589996337891,138.860000610352
2020-12-21,7,139.149993896484,138.149993896484
2020-12-22,7,137.539993286133,136.479995727539
2020-12-23,7,137.289993286133,137.949996948242
2020-12-24,7,138.059997558594,138.490005493164
2020-12-28,7,138.830001831055,139.190002441406
2020-12-29,7,139.580001831055,138.350006103516
2020-12-30,7,138.949996948242,139.080001831055
2020-12-31,7,139.080001831055,140.369995117188
2021-01-04,7,140.630004882813,135.649993896484
2021-01-05,7,135.720001220703,134.529998779297
2021-01-06,7,136.130004882813,139.100006103516
2021-01-07,7,139.520004272461,139.070007324219
2021-01-08,7,139.210006713867,139.649993896484
2021-01-11,7,138.679992675781,137.429992675781
2021-01-12,7,137.529998779297,140.419998168945
2021-01-13,7,140.009994506836,142.270004272461
2020-10-13,8,203.074030759546,204.012619018555
2020-10-14,8,204.40203131796,201.895797729492
2020-10-15,8,200.707581321016,199.249786376953
2020-10-16,8,199.689126893006,199.958709716797
2020-10-19,8,200.547827702148,196.67366027832
2020-10-20,8,197.252789142326,197.402557373047
2020-10-21,8,197.532366310132,198.131454467773
2020-10-22,8,199.04009851771,197.692138671875
2020-10-23,8,199.449484899301,197.712097167969
2020-10-26,8,195.705125631509,192.779541015625
2020-10-27,8,192.709642485428,189.774063110352
2020-10-28,8,183.703206899685,180.597885131836
2020-10-29,8,182.724676203651,184.591857910156
2020-10-30,8,182.385197959482,181.436630249023
2020-11-02,8,184.232401712484,184.462066650391
2020-11-03,8,186.548917890375,188.056640625
2020-11-04,8,192.599799891951,193.678176879883
2020-11-05,8,198.061569350996,197.342651367188
2020-11-06,8,197.053091899361,198.171401977539
2020-11-09,8,214.367001577364,212.360015869141
2020-11-10,8,211.621140734397,212.989074707031
2020-11-11,8,211.850788228336,212.379989624023
2020-11-12,8,211.429992675781,208.259994506836
2020-11-13,8,209.910003662109,210.479995727539
2020-11-16,8,214.570007324219,212.699996948242
2020-11-17,8,210.559997558594,210.710006713867
2020-11-18,8,209.720001220703,207.830001831055
2020-11-19,8,207.240005493164,207.570007324219
2020-11-20,8,207.130004882813,203.880004882813
2020-11-23,8,204.699996948242,208.160003662109
2020-11-24,8,210.850006103516,209.679992675781
2020-11-25,8,209.669998168945,210.889999389648
2020-11-27,8,212,211
2020-11-30,8,209.539993286133,210.350006103516
2020-12-01,8,212.130004882813,211.199996948242
2020-12-02,8,211,210.179992675781
2020-12-03,8,209.779998779297,208.050003051758
2020-12-04,8,209.740005493164,212.679992675781
2020-12-07,8,211.970001220703,212.649993896484
2020-12-08,8,209.949996948242,212.770004272461
2020-12-09,8,213.229995727539,209.580001831055
2020-12-10,8,208.509994506836,207.610000610352
2020-12-11,8,205.360000610352,206.240005493164
2020-12-14,8,207.850006103516,207.25
2020-12-15,8,208.539993286133,208.360000610352
2020-12-16,8,208.479995727539,208.270004272461
2020-12-17,8,209,211.179992675781
2020-12-18,8,211.020004272461,211.309997558594
2020-12-21,8,208.270004272461,209.009994506836
2020-12-22,8,208.389999389648,205.839996337891
2020-12-23,8,207.330001831055,205.300003051758
2020-12-24,8,206.639999389648,208.699996948242
2020-12-28,8,209.850006103516,212.630004882813
2020-12-29,8,214.610000610352,214.369995117188
2020-12-30,8,216,218.360000610352
2020-12-31,8,218.399993896484,218.729995727539
2021-01-04,8,220.25,217.759994506836
2021-01-05,8,216.309997558594,214.509994506836
2021-01-06,8,213.800003051758,212.619995117188
2021-01-07,8,212.199996948242,213.809997558594
2021-01-08,8,214.169998168945,215.449996948242
2021-01-11,8,213.960006713867,212.889999389648
2021-01-12,8,212.339996337891,208.860000610352
2021-01-13,8,209.410003662109,210.065002441406
2020-10-13,9,237.586103883893,237.725158691406
2020-10-14,9,238.778000143912,236.04655456543
2020-10-15,9,234.407688024925,233.424362182617
2020-10-16,9,233.762078909135,234.129577636719
2020-10-19,9,234.61628787539,229.153396606445
2020-10-20,9,229.501017621457,229.540756225586
2020-10-21,9,227.911824515001,227.42512512207
2020-10-22,9,226.561003638317,226.441802978516
2020-10-23,9,227.176806708855,225.627334594727
2020-10-26,9,224.495030803861,223.372650146484
2020-10-27,9,223.54149658136,221.952301025391
2020-10-28,9,217.542261599417,214.920074462891
2020-10-29,9,212.188624920043,216.350357055664
2020-10-30,9,214.761144537046,215.476287841797
2020-11-02,9,220.065110227554,218.724227905273
2020-11-03,9,220.263768067576,218.575241088867
2020-11-04,9,224.76320477023,228.775955200195
2020-11-05,9,232.192734962352,230.404876708984
2020-11-06,9,231.090228926998,230.106903076172
2020-11-09,9,241.300874841978,233.414443969727
2020-11-10,9,242.353710595094,239.969909667969
2020-11-11,9,240.883710017617,239.066055297852
2020-11-12,9,238.926989329593,235.539993286133
2020-11-13,9,236.889999389648,237.360000610352
2020-11-16,9,237.419998168945,236.660003662109
2020-11-17,9,235.009994506836,232.440002441406
2020-11-18,9,234.050003051758,227.759994506836
2020-11-19,9,226.970001220703,224.669998168945
2020-11-20,9,223.220001220703,223.169998168945
2020-11-23,9,222.059997558594,222.220001220703
2020-11-24,9,222.449996948242,220.460006713867
2020-11-25,9,221.100006103516,220.309997558594
2020-11-27,9,221.410003662109,224.809997558594
2020-11-30,9,224.330001831055,222.039993286133
2020-12-01,9,224.880004882813,225.080001831055
2020-12-02,9,225.080001831055,226.559997558594
2020-12-03,9,226,226.910003662109
2020-12-04,9,225.75,229.210006713867
2020-12-07,9,229,226.449996948242
2020-12-08,9,229.009994506836,228.940002441406
2020-12-09,9,229.779998779297,229.850006103516
2020-12-10,9,229.619995117188,228.160003662109
2020-12-11,9,226.470001220703,227.399993896484
2020-12-14,9,229.479995727539,229.460006713867
2020-12-15,9,229.009994506836,230.529998779297
2020-12-16,9,229.990005493164,228.440002441406
2020-12-17,9,229.119995117188,231.240005493164
2020-12-18,9,232.039993286133,228.490005493164
2020-12-21,9,225.679992675781,227.309997558594
2020-12-22,9,225.720001220703,220.990005493164
2020-12-23,9,221.479995727539,222.940002441406
2020-12-24,9,223.240005493164,222.929992675781
2020-12-28,9,223.029998779297,223.649993896484
2020-12-29,9,225.880004882813,226.869995117188
2020-12-30,9,227.979995727539,227.169998168945
2020-12-31,9,227.309997558594,229.919998168945
2021-01-04,9,231.25,226.660003662109
2021-01-05,9,226.940002441406,227.759994506836
2021-01-06,9,225,233.25
2021-01-07,9,231.860000610352,234.020004272461
2021-01-08,9,235.529998779297,238.490005493164
2021-01-11,9,240,237.570007324219
2021-01-12,9,237.119995117188,236.589996337891
2021-01-13,9,235.990005493164,237.580001831055
2020-10-13,10,147.97177977688,147.336196899414
2020-10-14,10,147.793035591968,147.078002929688
2020-10-15,10,146.462262724352,146.174270629883
2020-10-16,10,146.581453311631,147.078002929688
2020-10-19,10,147.505020497026,143.324081420898
2020-10-20,10,143.661731750874,143.552490234375
2020-10-21,10,143.125458859919,142.936767578125
2020-10-22,10,143.165192664183,144.078842163086
2020-10-23,10,144.873314809595,144.237731933594
2020-10-26,10,143.433318637818,142.976501464844
2020-10-27,10,142.748079918577,142.162139892578
2020-10-28,10,140.454019210403,137.405212402344
2020-10-29,10,137.047694086588,136.243286132813
2020-10-30,10,135.736793077017,136.163833618164
2020-11-02,10,138.020917504928,137.732925415039
2020-11-03,10,139.053750212894,137.544235229492
2020-11-04,10,138.527409241144,138.438018798828
2020-11-05,10,139.580104388759,138.795547485352
2020-11-06,10,139.431116805269,141.268356323242
2020-11-09,10,147.405703910918,145.071929931641
2020-11-10,10,146.233853447295,147.256744384766
2020-11-11,10,148.14060082321,146.780059814453
2020-11-12,10,146.591370469816,147.276611328125
2020-11-13,10,148.061162108228,148.865570068359
2020-11-16,10,149.878530060564,149.809020996094
2020-11-17,10,148.964874851371,148.319366455078
2020-11-18,10,147.84267617519,146.35302734375
2020-11-19,10,146.283518042209,146.124618530273
2020-11-20,10,146.03524700712,145.350006103516
2020-11-23,10,146.009994506836,143.869995117188
2020-11-24,10,144,143.869995117188
2020-11-25,10,144.059997558594,143.679992675781
2020-11-27,10,144.5,144
2020-11-30,10,144.229995727539,144.679992675781
2020-12-01,10,146.289993286133,147.449996948242
2020-12-02,10,147.850006103516,148.139999389648
2020-12-03,10,148.039993286133,149
2020-12-04,10,149.789993286133,150.270004272461
2020-12-07,10,149.350006103516,148.970001220703
2020-12-08,10,150,151.550003051758
2020-12-09,10,152.830001831055,153.100006103516
2020-12-10,10,152.820007324219,152.25
2020-12-11,10,151.529998779297,152.949996948242
2020-12-14,10,153.25,149.070007324219
2020-12-15,10,150,150.570007324219
2020-12-16,10,150.199996948242,149.669998168945
2020-12-17,10,150.089996337891,153.619995117188
2020-12-18,10,153.649993896484,154.509994506836
2020-12-21,10,152.009994506836,153.020004272461
2020-12-22,10,152.399993896484,152.720001220703
2020-12-23,10,152.800003051758,151.940002441406
2020-12-24,10,151.850006103516,152.470001220703
2020-12-28,10,153.320007324219,153.190002441406
2020-12-29,10,154.110000610352,154.139999389648
2020-12-30,10,154.740005493164,156.050003051758
2020-12-31,10,156.529998779297,157.380004882813
2021-01-04,10,157.240005493164,156.5
2021-01-05,10,156.25,158.339996337891
2021-01-06,10,157.240005493164,159.830001831055
2021-01-07,10,159,160.369995117188
2021-01-08,10,160.509994506836,160.039993286133
2021-01-11,10,160.559997558594,159.369995117188
2021-01-12,10,159.149993896484,158.130004882813
2021-01-13,10,158.229995727539,157.997497558594
2020-10-13,11,79.6708454118896,80.0776290893555
2020-10-14,11,80.2165285909123,79.8791961669922
2020-10-15,11,79.1747592075987,78.4405517578125
2020-10-16,11,78.6786826026501,79.2045288085938
2020-10-19,11,79.4922554185286,78.0536117553711
2020-10-20,11,78.3512659049371,77.6567459106445
2020-10-21,11,77.6468267404589,77.4583129882813
2020-10-22,11,77.4880747468892,78.5893783569336
2020-10-23,11,78.6389950967803,79.2045288085938
2020-10-26,11,78.7084410170887,78.2222747802734
2020-10-27,11,78.3115741758006,77.3789367675781
2020-10-28,11,76.5256758789328,75.583122253418
2020-10-29,11,75.5731998629047,75.2953948974609
2020-10-30,11,74.7893861229966,74.620719909668
2020-11-02,11,75.851005641576,76.1089706420898
2020-11-03,11,76.8630154965158,76.3173217773438
2020-11-04,11,79.3136622404383,79.9883346557617
2020-11-05,11,81.4170522274571,79.82958984375
2020-11-06,11,78.8274959026517,79.7303695678711
2020-11-09,11,84.1157427012677,79.8692779541016
2020-11-10,11,81.139243594505,80.474494934082
2020-11-11,11,81.2285473695398,80.4248886108398
2020-11-12,11,79.9188872933913,79.2342910766602
2020-11-13,11,79.6113121987803,80.4546508789063
2020-11-16,11,80.5935568567145,79.5517807006836
2020-11-17,11,80.4248875702783,80.861442565918
2020-11-18,11,80.7919859323329,79.6212310791016
2020-11-19,11,80.1371594200425,79.760139465332
2020-11-20,11,79.8395115386556,79.8196640014648
2020-11-23,11,79.9784172267778,79.6510009765625
2020-11-24,11,79.3930300801,79.512092590332
2020-11-25,11,79.5120990122556,79.4327239990234
2020-11-27,11,79.6708460635168,79.2342910766602
2020-11-30,11,79.3731957416609,79.760139465332
2020-12-01,11,80.3157439062218,80.9110488891602
2020-12-02,11,81.2979967800874,81.1888580322266
2020-12-03,11,81.2979948676312,80.8118286132813
2020-12-04,11,80.504261551741,81.2979965209961
2020-12-07,11,81.4170466581868,81.863525390625
2020-12-08,11,81.6452484036921,82.5282745361328
2020-12-09,11,83.1632657397834,82.8160095214844
2020-12-10,11,83.0045237284921,82.3397674560547
2020-12-11,11,82.200858816195,82.3099975585938
2020-12-14,11,82.629997253418,80.3199996948242
2020-12-15,11,80.5,80.4800033569336
2020-12-16,11,80.2799987792969,79.8300018310547
2020-12-17,11,80.3899993896484,79.8199996948242
2020-12-18,11,79.7099990844727,79.5299987792969
2020-12-21,11,78.8000030517578,79.2900009155273
2020-12-22,11,78.9899978637695,79.4199981689453
2020-12-23,11,79.5899963378906,79.7600021362305
2020-12-24,11,80,80.1399993896484
2020-12-28,11,80.6500015258789,80.4499969482422
2020-12-29,11,80.8000030517578,81.4199981689453
2020-12-30,11,81.6600036621094,80.5899963378906
2020-12-31,11,80.6399993896484,81.8000030517578
2021-01-04,11,82,80.9599990844727
2021-01-05,11,80.6699981689453,81.0999984741211
2021-01-06,11,80.5800018310547,82.379997253418
2021-01-07,11,82.5500030517578,84.0199966430664
2021-01-08,11,84.370002746582,83.0299987792969
2021-01-11,11,83.5,85
2021-01-12,11,85.120002746582,83.0899963378906
2021-01-13,11,83.370002746582,82.4800033569336
2020-10-13,12,327.322357628763,330.231903076172
2020-10-14,12,320.915410042278,320.696197509766
2020-10-15,12,317.706967905751,323.406463623047
2020-10-16,12,324.293230462774,328.717315673828
2020-10-19,12,327.362229320854,323.057708740234
2020-10-20,12,325.449094300448,322.250610351563
2020-10-21,12,322.250615522672,321.632843017578
2020-10-22,12,321.164507394978,324.562286376953
2020-10-23,12,327.979985318126,329.414825439453
2020-10-26,12,325.150178381928,321.90185546875
2020-10-27,12,321.901838606294,319.360992431641
2020-10-28,12,312.206722483036,306.895843505859
2020-10-29,12,305.490879976019,302.59130859375
2020-10-30,12,302.142955609057,304.046112060547
2020-11-02,12,311.51921277273,310.981140136719
2020-11-03,12,316.331902598635,320.197998046875
2020-11-04,12,343.992400794547,353.288940429688
2020-11-05,12,356.786342680984,353.129486083984
2020-11-06,12,349.103983726865,346.214385986328
2020-11-09,12,364.99679691427,348.745269775391
2020-11-10,12,348.237102534622,352.422058105469
2020-11-11,12,354.883211894089,350.439208984375
2020-11-12,12,350.140246268536,353.139465332031
2020-11-13,12,355.580664444403,354.394958496094
2020-11-16,12,357.663201483606,355.540832519531
2020-11-17,12,351.126737452723,350.837768554688
2020-11-18,12,352.162968719905,343.274963378906
2020-11-19,12,341.062914218776,335.791870117188
2020-11-20,12,333.799064960406,333.500152587891
2020-11-23,12,334.347059329618,333.858825683594
2020-11-24,12,334.974823979371,334.805450439453
2020-11-25,12,337.605366224576,331.995544433594
2020-11-27,12,332.334321459424,336.728515625
2020-11-30,12,333.908645321803,335.134246826172
2020-12-01,12,343.53401045749,339.966857910156
2020-12-02,12,340.544773999662,346.314025878906
2020-12-03,12,346.652790152348,347.429992675781
2020-12-04,12,346,349.890014648438
2020-12-07,12,348.720001220703,347.859985351563
2020-12-08,12,344.75,347.859985351563
2020-12-09,12,348.890014648438,344.410003662109
2020-12-10,12,345.160003662109,339.649993896484
2020-12-11,12,338.130004882813,337.070007324219
2020-12-14,12,340.029998779297,336.130004882813
2020-12-15,12,339.140014648438,339.670013427734
2020-12-16,12,336.829986572266,339.339996337891
2020-12-17,12,339.809997558594,341.670013427734
2020-12-18,12,342.519989013672,338.380004882813
2020-12-21,12,332.070007324219,336.079986572266
2020-12-22,12,335.160003662109,335.010009765625
2020-12-23,12,336.489990234375,337.589996337891
2020-12-24,12,336.440002441406,340.790008544922
2020-12-28,12,343.209991455078,345.950012207031
2020-12-29,12,347.989990234375,347.350006103516
2020-12-30,12,347.079986572266,344.989990234375
2020-12-31,12,345.040008544922,350.679992675781
2021-01-04,12,351.450012207031,349.5
2021-01-05,12,348.690002441406,344.799987792969
2021-01-06,12,337.109985351563,359.269989013672
2021-01-07,12,358.540008544922,365.029998779297
2021-01-08,12,367,363.390014648438
2021-01-11,12,362.619995117188,360.75
2021-01-12,12,357.940002441406,357.369995117188
2021-01-13,12,356.040008544922,356.076995849609
2020-10-13,13,36.4666457341964,35.7551002502441
2020-10-14,13,35.8934584390737,35.4882736206055
2020-10-15,13,35.9231049113536,37.1979560852051
2020-10-16,13,37.0398349680504,36.9706573486328
2020-10-19,13,37.0200671282896,36.5358238220215
2020-10-20,13,36.7137097781591,37.0497169494629
2020-10-21,13,36.9311240158969,36.9508895874023
2020-10-22,13,37.089246468381,37.0694808959961
2020-10-23,13,37.2572507243464,37.5932579040527
2020-10-26,13,37.445016965338,36.7730026245117
2020-10-27,13,36.5654731326633,35.5772171020508
2020-10-28,13,34.8261409083281,34.1837730407715
2020-10-29,13,33.9663549845045,33.1263389587402
2020-10-30,13,32.97810240565,33.6402359008789
2020-11-02,13,34.1244776701869,35.3696823120117
2020-11-03,13,35.9428696414996,36.9311256408691
2020-11-04,13,36.4172315974769,35.8736915588379
2020-11-05,13,35.8934560398929,37.0892448425293
2020-11-06,13,37.2473645244354,36.8718299865723
2020-11-09,13,39.0163444039273,39.3128204345703
2020-11-10,13,39.3325863098457,41.8526382446289
2020-11-11,13,42.0206454657985,40.9533271789551
2020-11-12,13,40.5876709422437,40.2911949157715
2020-11-13,13,40.6173194330414,42.2084121704102
2020-11-16,13,43.2757315205333,43.582088470459
2020-11-17,13,39.441296686461,39.3819999694824
2020-11-18,13,39.939998626709,38.2299995422363
2020-11-19,13,38.1300010681152,37.8499984741211
2020-11-20,13,37.4099998474121,37.5299987792969
2020-11-23,13,37.6800003051758,37.9799995422363
2020-11-24,13,38.4199981689453,38.5200004577637
2020-11-25,13,38.5,39.0699996948242
2020-11-27,13,39.2400016784668,39
2020-11-30,13,39.0099983215332,38.0099983215332
2020-12-01,13,38.3800010681152,38.4599990844727
2020-12-02,13,38.5,39.8400001525879
2020-12-03,13,39.9900016784668,42.8199996948242
2020-12-04,13,43.0499992370605,43.4099998474121
2020-12-07,13,43.1800003051758,42.4300003051758
2020-12-08,13,41.9099998474121,41.9900016784668
2020-12-09,13,42.5299987792969,41.7700004577637
2020-12-10,13,41.3699989318848,41.6500015258789
2020-12-11,13,41.5999984741211,41.5299987792969
2020-12-14,13,42.0499992370605,41.4799995422363
2020-12-15,13,41.5999984741211,41.3300018310547
2020-12-16,13,41.4000015258789,40.439998626709
2020-12-17,13,40.8300018310547,40.8800010681152
2020-12-18,13,40.9900016784668,40.689998626709
2020-12-21,13,40.5499992370605,40.6699981689453
2020-12-22,13,40.5999984741211,39.2700004577637
2020-12-23,13,39.4700012207031,39.8699989318848
2020-12-24,13,39.9500007629395,39.6199989318848
2020-12-28,13,39.6800003051758,39.6599998474121
2020-12-29,13,39.810001373291,39.4099998474121
2020-12-30,13,39.5200004577637,39.3400001525879
2020-12-31,13,39.3300018310547,39.8800010681152
2021-01-04,13,40.1699981689453,41.4000015258789
2021-01-05,13,41.5,41.1599998474121
2021-01-06,13,42.2099990844727,43.0299987792969
2021-01-07,13,44.0400009155273,45.2599983215332
2021-01-08,13,45.0499992370605,45.2099990844727
2021-01-11,13,45.7299995422363,47.7000007629395
2021-01-12,13,47.9900016784668,47.9599990844727
2021-01-13,13,49.0275001525879,48.4900016784668
2020-10-13,14,125.054250095573,120.89143371582
2020-10-14,14,120.791602264732,120.98127746582
2020-10-15,14,118.515535132432,120.502105712891
2020-10-16,14,121.071119835125,118.815010070801
2020-10-19,14,119.753391514846,115.780250549316
2020-10-20,14,115.999868193265,117.3076171875
2020-10-21,14,116.469063939149,116.668724060059
2020-10-22,14,117.247712966539,115.550643920898
2020-10-23,14,116.189546606962,114.841873168945
2020-10-26,14,113.813642695173,114.851852416992
2020-10-27,14,115.291088702066,116.39917755127
2020-10-28,14,114.851851462915,111.008476257324
2020-10-29,14,112.176467508531,115.121383666992
2020-10-30,14,110.868723860409,108.672515869141
2020-11-02,14,108.922082875738,108.582664489746
2020-11-03,14,109.471138602131,110.249794006348
2020-11-04,14,113.943419267055,114.752021789551
2020-11-05,14,117.746855172259,118.824996948242
2020-11-06,14,118.319999694824,118.690002441406
2020-11-09,14,120.5,116.319999694824
2020-11-10,14,115.550003051758,115.970001220703
2020-11-11,14,117.190002441406,119.48999786377
2020-11-12,14,119.620002746582,119.209999084473
2020-11-13,14,119.440002441406,119.26000213623
2020-11-16,14,118.919998168945,120.300003051758
2020-11-17,14,119.550003051758,119.389999389648
2020-11-18,14,118.610000610352,118.029998779297
2020-11-19,14,117.589996337891,118.639999389648
2020-11-20,14,118.639999389648,117.339996337891
2020-11-23,14,117.180000305176,113.849998474121
2020-11-24,14,113.910003662109,115.169998168945
2020-11-25,14,115.550003051758,116.029998779297
2020-11-27,14,116.569999694824,116.589996337891
2020-11-30,14,116.970001220703,119.050003051758
2020-12-01,14,121.01000213623,122.720001220703
2020-12-02,14,122.019996643066,123.080001831055
2020-12-03,14,123.519996643066,122.940002441406
2020-12-04,14,122.599998474121,122.25
2020-12-07,14,122.309997558594,123.75
2020-12-08,14,124.370002746582,124.379997253418
2020-12-09,14,124.529998779297,121.779998779297
2020-12-10,14,120.5,123.23999786377
2020-12-11,14,122.430000305176,122.410003662109
2020-12-14,14,122.599998474121,121.779998779297
2020-12-15,14,124.339996337891,127.879997253418
2020-12-16,14,127.410003662109,127.809997558594
2020-12-17,14,128.899993896484,128.699996948242
2020-12-18,14,128.960006713867,126.660003662109
2020-12-21,14,125.019996643066,128.229995727539
2020-12-22,14,131.610000610352,131.880004882813
2020-12-23,14,132.160003662109,130.960006713867
2020-12-24,14,131.320007324219,131.970001220703
2020-12-28,14,133.990005493164,136.690002441406
2020-12-29,14,138.050003051758,134.869995117188
2020-12-30,14,135.580001831055,133.720001220703
2020-12-31,14,134.080001831055,132.690002441406
2021-01-04,14,133.520004272461,129.410003662109
2021-01-05,14,128.889999389648,131.009994506836
2021-01-06,14,127.720001220703,126.599998474121
2021-01-07,14,128.360000610352,130.919998168945
2021-01-08,14,132.429992675781,132.050003051758
2021-01-11,14,129.190002441406,128.979995727539
2021-01-12,14,128.5,128.800003051758
2021-01-13,14,128.759994506836,130.880004882813
2020-10-13,15,40.2138692017431,39.4897422790527
2020-10-14,15,39.529416492112,39.5690956115723
2020-10-15,15,39.1524751312196,39.6484527587891
2020-10-16,15,39.5591792278277,39.8369255065918
2020-10-19,15,39.8270051833813,38.9838409423828
2020-10-20,15,39.1227145153147,38.8846473693848
2020-10-21,15,38.993762127214,38.7457733154297
2020-10-22,15,38.5374593199107,38.5077018737793
2020-10-23,15,38.6168175549398,38.5077018737793
2020-10-26,15,38.0910855114795,37.3669548034668
2020-10-27,15,37.0792902842492,36.5733909606934
2020-10-28,15,36.0278151842883,35.422721862793
2020-10-29,15,35.2243293740286,35.4028816223145
2020-10-30,15,35.3136050115474,35.6111946105957
2020-11-02,15,35.8988587541954,35.6111946105957
2020-11-03,15,36.0674928413678,36.3849182128906
2020-11-04,15,36.7321011118787,36.2758026123047
2020-11-05,15,36.7221865061829,36.9304962158203
2020-11-06,15,37.2578419812793,37.2280807495117
2020-11-09,15,39.598853079485,37.892692565918
2020-11-10,15,37.9026090067402,38.4085083007813
2020-11-11,15,38.6961740376754,39.0136032104492
2020-11-12,15,38.6664171119545,38.3589096069336
2020-11-13,15,40.8685599309549,41.066951751709
2020-11-16,15,41.4042133596741,42.1977767944336
2020-11-17,15,41.5827623398411,41.5430870056152
2020-11-18,15,41.5629266534004,40.9875907897949
2020-11-19,15,40.6701679356381,40.8387985229492
2020-11-20,15,40.7197620141004,40.6404075622559
2020-11-23,15,40.6999222624778,41.3050155639648
2020-11-24,15,41.8009955291897,42.2672157287598
2020-11-25,15,42.4358464004883,42.1581001281738
2020-11-27,15,42.5152037818424,42.3564910888672
2020-11-30,15,42.0985799942443,42.6739158630371
2020-12-01,15,42.6639965214339,43.1897354125977
2020-12-02,15,43.04093720604,43.5369148254395
2020-12-03,15,43.4278027688555,43.7551498413086
2020-12-04,15,43.5369161745931,44.0229759216309
2020-12-07,15,43.9336987605606,43.9932136535645
2020-12-08,15,43.8543412035604,44.013053894043
2020-12-09,15,44.1122510867921,44.3304786682129
2020-12-10,15,44.1816903938684,43.9634590148926
2020-12-11,15,43.5865149377551,43.9634590148926
2020-12-14,15,43.9138593142541,43.8841018676758
2020-12-15,15,44.0328938804786,44.3602409362793
2020-12-16,15,44.3404013767754,44.3602409362793
2020-12-17,15,44.5487106341558,44.4594345092773
2020-12-18,15,44.5387946437568,45.0744476318359
2020-12-21,15,44.1122537062669,44.5189552307129
2020-12-22,15,44.0824898562278,44.3304786682129
2020-12-23,15,44.2908042984873,44.0229759216309
2020-12-24,15,44.0924140872072,44.1816902160645
2020-12-28,15,44.5685497538357,44.5586280822754
2020-12-29,15,44.6082308529269,44.2808837890625
2020-12-30,15,44.3800799811799,44.1221694946289
2020-12-31,15,44.0229769905303,44.3899993896484
2021-01-04,15,44.310001373291,43.9599990844727
2021-01-05,15,43.6800003051758,43.9799995422363
2021-01-06,15,44.1300010681152,44.4000015258789
2021-01-07,15,44.2000007629395,44.9599990844727
2021-01-08,15,44.4799995422363,45.060001373291
2021-01-11,15,45.1500015258789,45.3600006103516
2021-01-12,15,45.2999992370605,45.7900009155273
2021-01-13,15,45.2900009155273,45.5050010681152
2020-10-13,16,124.760902657861,123.311912536621
2020-10-14,16,123.341480272717,124.139907836914
2020-10-15,16,122.306491766569,123.104911804199
2020-10-16,16,123.380911427521,124.13005065918
2020-10-19,16,124.987617313059,123.72590637207
2020-10-20,16,118.087673440143,115.692405700684
2020-10-21,16,114.992549672584,113.415412902832
2020-10-22,16,113.35627610947,114.105415344238
2020-10-23,16,114.834833342454,114.341979980469
2020-10-26,16,112.814134412063,110.616012573242
2020-10-27,16,110.547013977743,108.979736328125
2020-10-28,16,107.106898268825,105.125625610352
2020-10-29,16,105.717048088511,107.353324890137
2020-10-30,16,106.357758799686,110.064018249512
2020-11-02,16,111.039864352683,111.29615020752
2020-11-03,16,112.370565481402,112.528282165527
2020-11-04,16,110.724437073903,110.300582885742
2020-11-05,16,111.68057974704,113.12956237793
2020-11-06,16,113.435131931083,112.409996032715
2020-11-09,16,117.879997253418,115.529998779297
2020-11-10,16,116.690002441406,117.910003662109
2020-11-11,16,118.120002746582,117.199996948242
2020-11-12,16,115.629997253418,114.5
2020-11-13,16,115.190002441406,116.849998474121
2020-11-16,16,118.300003051758,118.360000610352
2020-11-17,16,117.599998474121,117.699996948242
2020-11-18,16,117.720001220703,116.769996643066
2020-11-19,16,116.540000915527,117.180000305176
2020-11-20,16,117.599998474121,116.940002441406
2020-11-23,16,117.430000305176,120.089996337891
2020-11-24,16,120.860000610352,124.419998168945
2020-11-25,16,122.930000305176,124.199996948242
2020-11-27,16,124.199996948242,124.349998474121
2020-11-30,16,124.099998474121,123.519996643066
2020-12-01,16,123.900001525879,123.160003662109
2020-12-02,16,122.849998474121,124.620002746582
2020-12-03,16,124.160003662109,123.610000610352
2020-12-04,16,123.970001220703,127.199996948242
2020-12-07,16,126.48999786377,124.699996948242
2020-12-08,16,125.319999694824,125.709999084473
2020-12-09,16,125.800003051758,126.790000915527
2020-12-10,16,126.349998474121,124.959999084473
2020-12-11,16,124.080001831055,124.269996643066
2020-12-14,16,125.319999694824,123.529998779297
2020-12-15,16,124.389999389648,125.930000305176
2020-12-16,16,125.930000305176,125.550003051758
2020-12-17,16,126.080001831055,125.550003051758
2020-12-18,16,125.589996337891,125.849998474121
2020-12-21,16,123.970001220703,123.389999389648
2020-12-22,16,123.309997558594,123.610000610352
2020-12-23,16,123.879997253418,123.900001525879
2020-12-24,16,125,124.690002441406
2020-12-28,16,125.099998474121,124.819999694824
2020-12-29,16,125.349998474121,123.800003051758
2020-12-30,16,123.800003051758,124.339996337891
2020-12-31,16,124.220001220703,125.879997253418
2021-01-04,16,125.849998474121,123.940002441406
2021-01-05,16,125.01000213623,126.139999389648
2021-01-06,16,126.900001525879,129.289993286133
2021-01-07,16,130.039993286133,128.990005493164
2021-01-08,16,128.570007324219,128.529998779297
2021-01-11,16,127.949996948242,128.580001831055
2021-01-12,16,129.089996337891,129.210006713867
2021-01-13,16,129.149993896484,127.065002441406
2020-10-13,17,53.8781170223334,53.4412956237793
2020-10-14,17,53.6199922515085,53.1633148193359
2020-10-15,17,52.3690919298855,53.4611473083496
2020-10-16,17,53.5107923820415,53.768913269043
2020-10-19,17,54.0766724594999,54.1858787536621
2020-10-20,17,54.2057314260604,53.0441818237305
2020-10-21,17,52.7562769226225,53.1136779785156
2020-10-22,17,52.7364215519899,53.5107917785645
2020-10-23,17,48.0008623597274,47.8519477844238
2020-10-26,17,47.5044745897196,46.3826370239258
2020-10-27,17,45.6479774416945,45.310432434082
2020-10-28,17,44.5658513189735,43.9304733276367
2020-10-29,17,43.9205471706426,43.7914848327637
2020-10-30,17,43.7815541390585,43.9602546691895
2020-11-02,17,44.6353436708243,44.1389541625977
2020-11-03,17,44.4070058815968,44.5261383056641
2020-11-04,17,44.7842629632885,45.370002746582
2020-11-05,17,46.1500015258789,45.6800003051758
2020-11-06,17,45.5400009155273,45.3899993896484
2020-11-09,17,46.6399993896484,45.5999984741211
2020-11-10,17,45.4000015258789,45.439998626709
2020-11-11,17,45.9000015258789,46.3499984741211
2020-11-12,17,46.1300010681152,44.9500007629395
2020-11-13,17,44.9900016784668,45.4599990844727
2020-11-16,17,46.0400009155273,46.189998626709
2020-11-17,17,45.75,45.5299987792969
2020-11-18,17,45.5499992370605,45.060001373291
2020-11-19,17,44.9199981689453,45.6199989318848
2020-11-20,17,45.6599998474121,45.3899993896484
2020-11-23,17,45.4799995422363,46.060001373291
2020-11-24,17,46.2900009155273,47.0099983215332
2020-11-25,17,47.0299987792969,47.0499992370605
2020-11-27,17,47.3600006103516,47.4500007629395
2020-11-30,17,47.4199981689453,48.3499984741211
2020-12-01,17,48.75,49.560001373291
2020-12-02,17,49.2200012207031,49.9000015258789
2020-12-03,17,49.9199981689453,50.9900016784668
2020-12-04,17,51.060001373291,51.9900016784668
2020-12-07,17,51,50.2000007629395
2020-12-08,17,49.8300018310547,50.689998626709
2020-12-09,17,50.2799987792969,50.0699996948242
2020-12-10,17,49.6599998474121,50.2599983215332
2020-12-11,17,50.1399993896484,49.7299995422363
2020-12-14,17,49.8199996948242,50.4700012207031
2020-12-15,17,50.9799995422363,50.6699981689453
2020-12-16,17,50.7099990844727,51.1199989318848
2020-12-17,17,51.1500015258789,50.6500015258789
2020-12-18,17,50.5699996948242,47.4599990844727
2020-12-21,17,46.3199996948242,46.3600006103516
2020-12-22,17,46.25,46.1699981689453
2020-12-23,17,46.1699981689453,46.5699996948242
2020-12-24,17,46.5999984741211,47.0699996948242
2020-12-28,17,47.189998626709,47.0699996948242
2020-12-29,17,47.2200012207031,49.3899993896484
2020-12-30,17,49.1100006103516,48.75
2020-12-31,17,48.75,49.8199996948242
2021-01-04,17,49.8899993896484,49.6699981689453
2021-01-05,17,49.4500007629395,50.6100006103516
2021-01-06,17,50.439998626709,51.0999984741211
2021-01-07,17,51.4900016784668,52.189998626709
2021-01-08,17,52.4500007629395,51.6500015258789
2021-01-11,17,51.2900009155273,51.5400009155273
2021-01-12,17,51.9000015258789,53.2400016784668
2021-01-13,17,59.5,57.3199996948242
2020-10-13,18,222.138427094658,222.278060913086
2020-10-14,18,222.417690730199,220.283279418945
2020-10-15,18,216.533112907852,219.08642578125
2020-10-16,18,219.575136549379,219.08642578125
2020-10-19,18,219.844436768961,213.660629272461
2020-10-20,18,215.23649901153,214.089492797852
2020-10-21,18,212.563499360522,214.239120483398
2020-10-22,18,213.371372762876,214.328872680664
2020-10-23,18,214.468511246346,215.665374755859
2020-10-26,18,213.291593002353,209.531433105469
2020-10-27,18,211.037491954782,212.693161010742
2020-10-28,18,207.127732479864,202.150756835938
2020-10-29,18,203.537128208934,204.185424804688
2020-10-30,18,202.968623959743,201.941314697266
2020-11-02,18,203.75653967404,201.801666259766
2020-11-03,18,203.357599862126,205.890960693359
2020-11-04,18,213.461144702596,215.824951171875
2020-11-05,18,221.460203690315,222.706939697266
2020-11-06,18,221.67962417021,223.135818481445
2020-11-09,18,223.853937762611,217.819732666016
2020-11-10,18,213.939891932395,210.458999633789
2020-11-11,18,211.835401879055,215.98454284668
2020-11-12,18,216.642823809864,214.87744140625
2020-11-13,18,215.795038882589,215.944641113281
2020-11-16,18,214.30892731813,216.66276550293
2020-11-17,18,215.535726181658,213.900009155273
2020-11-18,18,213.649993896484,211.080001831055
2020-11-19,18,211.380004882813,212.419998168945
2020-11-20,18,212.199996948242,210.389999389648
2020-11-23,18,210.949996948242,210.110000610352
2020-11-24,18,209.589996337891,213.860000610352
2020-11-25,18,215.110000610352,213.869995117188
2020-11-27,18,214.850006103516,215.229995727539
2020-11-30,18,214.100006103516,214.070007324219
2020-12-01,18,214.509994506836,216.210006713867
2020-12-02,18,214.880004882813,215.369995117188
2020-12-03,18,214.610000610352,214.240005493164
2020-12-04,18,214.220001220703,214.360000610352
2020-12-07,18,214.369995117188,214.289993286133
2020-12-08,18,213.970001220703,216.009994506836
2020-12-09,18,215.160003662109,211.800003051758
2020-12-10,18,211.770004272461,210.520004272461
2020-12-11,18,210.050003051758,213.259994506836
2020-12-14,18,213.100006103516,214.199996948242
2020-12-15,18,215.169998168945,214.130004882813
2020-12-16,18,214.75,219.279998779297
2020-12-17,18,219.869995117188,219.419998168945
2020-12-18,18,218.589996337891,218.589996337891
2020-12-21,18,217.550003051758,222.589996337891
2020-12-22,18,222.690002441406,223.940002441406
2020-12-23,18,223.110000610352,221.020004272461
2020-12-24,18,221.419998168945,222.75
2020-12-28,18,224.449996948242,224.960006713867
2020-12-29,18,226.309997558594,224.149993896484
2020-12-30,18,225.229995727539,221.679992675781
2020-12-31,18,221.699996948242,222.419998168945
2021-01-04,18,222.529998779297,217.690002441406
2021-01-05,18,217.259994506836,217.899993896484
2021-01-06,18,212.169998168945,212.25
2021-01-07,18,214.039993286133,218.289993286133
2021-01-08,18,218.679992675781,219.619995117188
2021-01-11,18,218.470001220703,217.490005493164
2021-01-12,18,216.5,214.929992675781
2021-01-13,18,214.020004272461,215.785797119141
2020-10-13,19,266.420013427734,266.829986572266
2020-10-14,19,270,261.829986572266
2020-10-15,19,258.109985351563,257.720001220703
2020-10-16,19,259.239990234375,258.549987792969
2020-10-19,19,259.760009765625,255.009994506836
2020-10-20,19,256.119995117188,255.970001220703
2020-10-21,19,256.450012207031,254.229995727539
2020-10-22,19,253.889999389648,249.669998168945
2020-10-23,19,250.100006103516,250.520004272461
2020-10-26,19,245.300003051758,241.979995727539
2020-10-27,19,248,250.300003051758
2020-10-28,19,244.600006103516,238.429992675781
2020-10-29,19,242.520004272461,237.139999389648
2020-10-30,19,235.820007324219,232.270004272461
2020-11-02,19,235.119995117188,232.449996948242
2020-11-03,19,235.100006103516,237.130004882813
2020-11-04,19,246.020004272461,250.740005493164
2020-11-05,19,258.109985351563,260.220001220703
2020-11-06,19,260,260.149993896484
2020-11-09,19,260.950012207031,259.279998779297
2020-11-10,19,258.059997558594,247.660003662109
2020-11-11,19,253.509994506836,254.179992675781
2020-11-12,19,247.399993896484,249.419998168945
2020-11-13,19,252.839996337891,249.509994506836
2020-11-16,19,249.520004272461,249.889999389648
2020-11-17,19,253.740005493164,256.170013427734
2020-11-18,19,256.399993896484,257.160003662109
2020-11-19,19,256.839996337891,264.649993896484
2020-11-20,19,263.589996337891,258.040008544922
2020-11-23,19,261.230010986328,257.640014648438
2020-11-24,19,260,260.839996337891
2020-11-25,19,263.730010986328,246.820007324219
2020-11-27,19,251,247.630004882813
2020-11-30,19,245.479995727539,245.800003051758
2020-12-01,19,245,241.350006103516
2020-12-02,19,225.479995727539,220.779998779297
2020-12-03,19,226.110000610352,220.970001220703
2020-12-04,19,223.820007324219,225.860000610352
2020-12-07,19,228.110000610352,227.699996948242
2020-12-08,19,228.649993896484,227.860000610352
2020-12-09,19,228.050003051758,220.570007324219
2020-12-10,19,220.570007324219,222.919998168945
2020-12-11,19,221.919998168945,222.419998168945
2020-12-14,19,223.089996337891,221.270004272461
2020-12-15,19,222.070007324219,220.149993896484
2020-12-16,19,221.479995727539,223.619995117188
2020-12-17,19,224.899993896484,225.919998168945
2020-12-18,19,227.020004272461,227.429992675781
2020-12-21,19,224.899993896484,226.470001220703
2020-12-22,19,227,231.169998168945
2020-12-23,19,232.5,227.429992675781
2020-12-24,19,228.300003051758,225.779998779297
2020-12-28,19,227.220001220703,224.639999389648
2020-12-29,19,224.970001220703,222.460006713867
2020-12-30,19,223.130004882813,222.399993896484
2020-12-31,19,222.270004272461,222.529998779297
2021-01-04,19,222.639999389648,220.309997558594
2021-01-05,19,219.490005493164,221.520004272461
2021-01-06,19,218,216.149993896484
2021-01-07,19,217.029998779297,217.979995727539
2021-01-08,19,220,222.039993286133
2021-01-11,19,219.630004882813,218.25
2021-01-12,19,218,215.520004272461
2021-01-13,19,217,217.179992675781
2020-10-13,20,73.6561974522628,72.3356323242188
2020-10-14,20,72.2173750256235,71.8921585083008
2020-10-15,20,70.7785425648526,72.4440383911133
2020-10-16,20,72.4538924433789,71.8330307006836
2020-10-19,20,72.0498412308532,70.2463760375977
2020-10-20,20,70.8672396820342,70.6405715942383
2020-10-21,20,70.0985476534379,69.8423233032227
2020-10-22,20,69.8521704888137,72.3356323242188
2020-10-23,20,72.8579490606979,71.5176696777344
2020-10-26,20,70.6898534768029,69.9113082885742
2020-10-27,20,69.3988449506997,68.5020446777344
2020-10-28,20,66.7084385466114,65.9101791381836
2020-10-29,20,65.1710494687655,67.8023376464844
2020-10-30,20,68.8863886440401,68.4921875
2020-11-02,20,69.6747815956057,71.103759765625
2020-11-03,20,72.0991137603861,70.6996994018555
2020-11-04,20,69.7536213542392,70.7292633056641
2020-11-05,20,70.8573849154136,71.0939025878906
2020-11-06,20,71.4486855405981,70.1182632446289
2020-11-09,20,78.8399246400324,78.2486267089844
2020-11-10,20,79.9633962893027,81.8654098510742
2020-11-11,20,82.8804695683424,81.2642517089844
2020-11-12,20,79.8057158097373,79.5002059936523
2020-11-13,20,79.9732531750887,81.8259887695313
2020-11-16,20,84.9894394403853,87.6699981689453
2020-11-17,20,86.4000015258789,87.0400009155273
2020-11-18,20,87.370002746582,84.2799987792969
2020-11-19,20,83.5500030517578,85.7300033569336
2020-11-20,20,85.7200012207031,85.7900009155273
2020-11-23,20,87.4499969482422,91.0299987792969
2020-11-24,20,93.3899993896484,95.620002746582
2020-11-25,20,94.6800003051758,92.1399993896484
2020-11-27,20,91.3300018310547,91.3099975585938
2020-11-30,20,90.0100021362305,87.1800003051758
2020-12-01,20,89.2799987792969,87.4499969482422
2020-12-02,20,87.2600021362305,89.870002746582
2020-12-03,20,90.5800018310547,89.8000030517578
2020-12-04,20,91.2200012207031,93.2799987792969
2020-12-07,20,91.8199996948242,90.7600021362305
2020-12-08,20,90.3399963378906,91.5400009155273
2020-12-09,20,92.1999969482422,90.4400024414063
2020-12-10,20,91.5500030517578,93.3499984741211
2020-12-11,20,92.5299987792969,92.4499969482422
2020-12-14,20,93.4000015258789,89.4400024414063
2020-12-15,20,89.4199981689453,89.370002746582
2020-12-16,20,89.1999969482422,88.6900024414063
2020-12-17,20,89.5400009155273,88.4100036621094
2020-12-18,20,87.9800033569336,87.1900024414063
2020-12-21,20,84.3499984741211,86.0899963378906
2020-12-22,20,85.4400024414063,84.3600006103516
2020-12-23,20,85,85.6900024414063
2020-12-24,20,85.9300003051758,85.3300018310547
2020-12-28,20,85.6100006103516,84.9000015258789
2020-12-29,20,85.2600021362305,84.6100006103516
2020-12-30,20,84.6100006103516,85.3300018310547
2020-12-31,20,84.9000015258789,84.4499969482422
2021-01-04,20,85.1500015258789,84.7099990844727
2021-01-05,20,85.4899978637695,87
2021-01-06,20,89,89.8000030517578
2021-01-07,20,90.3899993896484,90.2200012207031
2021-01-08,20,92.0800018310547,91.0800018310547
2021-01-11,20,89.120002746582,91.5999984741211
2021-01-12,20,92.6600036621094,93.3399963378906
2021-01-13,20,93.1999969482422,93.1900024414063
2020-10-13,21,50.5933060659375,49.8292961120605
2020-10-14,21,49.6606169149545,49.7300720214844
2020-10-15,21,49.0156756382967,49.6010856628418
2020-10-16,21,49.6010840314572,49.6407699584961
2020-10-19,21,49.6407692784735,49.233959197998
2020-10-20,21,49.5018585503081,49.859058380127
2020-10-21,21,49.5713164853094,49.6010856628418
2020-10-22,21,50.771902759608,50.285717010498
2020-10-23,21,50.603225956251,50.1269607543945
2020-10-26,21,49.9483592639428,49.4125595092773
2020-10-27,21,49.4224836410835,49.5117835998535
2020-10-28,21,48.6187857458855,47.5868759155273
2020-10-29,21,47.3586633531626,47.6464080810547
2020-10-30,21,47.4380449777874,47.6861000061035
2020-11-02,21,48.3707308558409,48.2417411804199
2020-11-03,21,48.8370747500689,48.9660606384277
2020-11-04,21,49.0454396718442,48.7874603271484
2020-11-05,21,49.3728690062429,49.0553588867188
2020-11-06,21,49.263729506117,49.0652847290039
2020-11-09,21,52.0915556374724,52.1610107421875
2020-11-10,21,52.1610093574,53.5600395202637
2020-11-11,21,53.5104301219146,53.1631546020508
2020-11-12,21,52.6372772991743,52.5975875854492
2020-11-13,21,52.8357196542264,53.0341644287109
2020-11-16,21,54.0759939075351,53.4310493469238
2020-11-17,21,53.2425300218738,53.2623748779297
2020-11-18,21,53.3318291346286,52.2006988525391
2020-11-19,21,52.0816354636687,52.7166557312012
2020-11-20,21,52.7761859259261,52.2602310180664
2020-11-23,21,52.5380567502133,52.2701568603516
2020-11-24,21,52.7265745561166,52.8059539794922
2020-11-25,21,52.6571215762349,52.5182113647461
2020-11-27,21,52.6968110120392,52.2900009155273
2020-11-30,21,52.0900001525879,51.5999984741211
2020-12-01,21,52.1399993896484,52.0400009155273
2020-12-02,21,51.9000015258789,52.1100006103516
2020-12-03,21,51.9000015258789,52.7799987792969
2020-12-04,21,52.7799987792969,53.8499984741211
2020-12-07,21,53.7599983215332,52.9900016784668
2020-12-08,21,52.939998626709,53.1800003051758
2020-12-09,21,53.3699989318848,53.3300018310547
2020-12-10,21,53.4000015258789,53.0499992370605
2020-12-11,21,52.7999992370605,53.3499984741211
2020-12-14,21,53.6500015258789,53.2700004577637
2020-12-15,21,53.7900009155273,53.8400001525879
2020-12-16,21,53.5999984741211,53.060001373291
2020-12-17,21,53.2999992370605,53.2700004577637
2020-12-18,21,53.0800018310547,53.7400016784668
2020-12-21,21,52.6800003051758,52.810001373291
2020-12-22,21,52.810001373291,52.7599983215332
2020-12-23,21,52.9500007629395,53.0800018310547
2020-12-24,21,53.0200004577637,53.439998626709
2020-12-28,21,53.8499984741211,54.1599998474121
2020-12-29,21,54.4500007629395,54.1300010681152
2020-12-30,21,54.0499992370605,54.439998626709
2020-12-31,21,54.4500007629395,54.8400001525879
2021-01-04,21,54.2700004577637,52.7599983215332
2021-01-05,21,52.3300018310547,52.1800003051758
2021-01-06,21,51.9700012207031,50.5200004577637
2021-01-07,21,50.0900001525879,49.9599990844727
2021-01-08,21,50.0299987792969,51.0800018310547
2021-01-11,21,50.6199989318848,50.2000007629395
2021-01-12,21,50.0400009155273,50.1100006103516
2021-01-13,21,49.9799995422363,50.2050018310547
2020-10-13,22,143.025850429441,143.413696289063
2020-10-14,22,143.383855243046,143.24462890625
2020-10-15,22,142.270044678798,143.035797119141
2020-10-16,22,143.622530273608,143.592697143555
2020-10-19,22,143.672265551106,141.126403808594
2020-10-20,22,144.80595865452,141.693237304688
2020-10-21,22,141.70320167797,142.458999633789
2020-10-22,22,141.490005493164,141.449996948242
2020-10-23,22,141.759994506836,142.380004882813
2020-10-26,22,141.5,141.300003051758
2020-10-27,22,141.940002441406,142.360000610352
2020-10-28,22,140.449996948242,137.660003662109
2020-10-29,22,137.350006103516,137.570007324219
2020-10-30,22,137.179992675781,137.100006103516
2020-11-02,22,138.509994506836,138.5
2020-11-03,22,139.320007324219,141.220001220703
2020-11-04,22,140.460006713867,140.639999389648
2020-11-05,22,142.440002441406,142.380004882813
2020-11-06,22,142.669998168945,143.229995727539
2020-11-09,22,146.149993896484,137.990005493164
2020-11-10,22,138.100006103516,140.259994506836
2020-11-11,22,141.850006103516,142.070007324219
2020-11-12,22,142.289993286133,142.149993896484
2020-11-13,22,142.210006713867,144.279998779297
2020-11-16,22,144.779998779297,142.429992675781
2020-11-17,22,141.889999389648,141.880004882813
2020-11-18,22,141.990005493164,139.699996948242
2020-11-19,22,139.869995117188,139.529998779297
2020-11-20,22,139.529998779297,139.300003051758
2020-11-23,22,139.320007324219,138.759994506836
2020-11-24,22,138.830001831055,138.309997558594
2020-11-25,22,138.160003662109,138.679992675781
2020-11-27,22,138.589996337891,138.610000610352
2020-11-30,22,138,138.869995117188
2020-12-01,22,139.160003662109,139.369995117188
2020-12-02,22,139.369995117188,138.360000610352
2020-12-03,22,138.089996337891,137.339996337891
2020-12-04,22,137.210006713867,137.470001220703
2020-12-07,22,136.610000610352,137.679992675781
2020-12-08,22,137.020004272461,138.050003051758
2020-12-09,22,137.830001831055,136.410003662109
2020-12-10,22,136.520004272461,135.509994506836
2020-12-11,22,134.460006713867,136.509994506836
2020-12-14,22,137.020004272461,135.850006103516
2020-12-15,22,136.389999389648,136.649993896484
2020-12-16,22,136.710006713867,137.270004272461
2020-12-17,22,138.009994506836,138.25
2020-12-18,22,138.259994506836,139.039993286133
2020-12-21,22,137.960006713867,137.520004272461
2020-12-22,22,137.289993286133,136.550003051758
2020-12-23,22,137.389999389648,136.339996337891
2020-12-24,22,136.199996948242,137.720001220703
2020-12-28,22,138.149993896484,138.679992675781
2020-12-29,22,139.220001220703,138.419998168945
2020-12-30,22,138.600006103516,137.770004272461
2020-12-31,22,138.309997558594,139.139999389648
2021-01-04,22,139.660003662109,137.820007324219
2021-01-05,22,137.990005493164,138.699996948242
2021-01-06,22,138.770004272461,140.160003662109
2021-01-07,22,139.75,138.850006103516
2021-01-08,22,138.470001220703,138.789993286133
2021-01-11,22,138.75,137.850006103516
2021-01-12,22,137.850006103516,137.050003051758
2021-01-13,22,137.100006103516,137.759994506836
2020-10-13,23,144.15306035567,145.697418212891
2020-10-14,23,145.866803625483,143.415771484375
2020-10-15,23,142.568858422247,144.003616333008
2020-10-16,23,144.870442366395,144.182968139648
2020-10-19,23,144.571545797209,142.42936706543
2020-10-20,23,143.585142123595,143.375900268555
2020-10-21,23,143.316126443189,143.874084472656
2020-10-22,23,143.664859661593,143.027191162109
2020-10-23,23,143.445653668685,143.326095581055
2020-10-26,23,142.319773836529,141.64225769043
2020-10-27,23,141.532649539762,142.349655151367
2020-10-28,23,140.446631004696,139.529968261719
2020-10-29,23,139.490110849782,139.410400390625
2020-10-30,23,138.673101331837,138.244674682617
2020-11-02,23,140.077967068046,139.888656616211
2020-11-03,23,141.134105097983,142.259994506836
2020-11-04,23,141.05439892215,141.442977905273
2020-11-05,23,143.47554775617,142.947479248047
2020-11-06,23,143.834236841225,145.239105224609
2020-11-09,23,147.460975012642,143.017211914063
2020-11-10,23,143.226455984745,145.029861450195
2020-11-11,23,146.38491823092,147.441055297852
2020-11-12,23,147.939229266607,147.690139770508
2020-11-13,23,148.397566025249,149.991729736328
2020-11-16,23,149.981764029619,151.884811401367
2020-11-17,23,149.951878168316,148.825988769531
2020-11-18,23,149.314212255081,148.547012329102
2020-11-19,23,148.915663200541,151.565963745117
2020-11-20,23,150.61943092223,149.692825317383
2020-11-23,23,149.822336792549,150.380294799805
2020-11-24,23,151.187367240032,150.808746337891
2020-11-25,23,150.699149103683,151.277038574219
2020-11-27,23,151.59586682911,151.047882080078
2020-11-30,23,151.047882488985,152.233535766602
2020-12-01,23,153.040586243161,152.084075927734
2020-12-02,23,151.446407255771,149.971801757813
2020-12-03,23,149.732682710658,148.756256103516
2020-12-04,23,148.965481468799,148.36767578125
2020-12-07,23,147.919318546981,147.570587158203
2020-12-08,23,146.823316103636,148.905700683594
2020-12-09,23,149.453690703418,147.729995727539
2020-12-10,23,147.75,147.039993286133
2020-12-11,23,146.919998168945,147
2020-12-14,23,147.699996948242,145.649993896484
2020-12-15,23,145.520004272461,145.580001831055
2020-12-16,23,146.240005493164,145.429992675781
2020-12-17,23,146.059997558594,146.100006103516
2020-12-18,23,146.619995117188,145.949996948242
2020-12-21,23,145.5,145.970001220703
2020-12-22,23,145.149993896484,144.199996948242
2020-12-23,23,143.539993286133,143.220001220703
2020-12-24,23,143.539993286133,143.5
2020-12-28,23,144.039993286133,145.220001220703
2020-12-29,23,145.639999389648,144.300003051758
2020-12-30,23,144.880004882813,144.179992675781
2020-12-31,23,144.199996948242,144.149993896484
2021-01-04,23,144.300003051758,146.529998779297
2021-01-05,23,146.600006103516,145.75
2021-01-06,23,145.089996337891,146.660003662109
2021-01-07,23,147.619995117188,146.649993896484
2021-01-08,23,146.880004882813,146.630004882813
2021-01-11,23,146,147.289993286133
2021-01-12,23,149,148.970001220703
2021-01-13,23,148.75,148.070007324219
2020-10-13,24,47.8786159601156,47.286060333252
2020-10-14,24,47.2465565486835,48.2242774963379
2020-10-15,24,47.2860624494663,48.402042388916
2020-10-16,24,48.7575774124138,48.6884460449219
2020-10-19,24,48.7180770936251,48.2341537475586
2020-10-20,24,48.737825344915,48.7279510498047
2020-10-21,24,48.7674559823113,47.9477500915527
2020-10-22,24,49.1921222294948,48.2144012451172
2020-10-23,24,48.9057185710252,47.9279975891113
2020-10-26,24,47.3453142555239,46.5651168823242
2020-10-27,24,46.3379663939415,45.9923095703125
2020-10-28,24,44.3825281004176,44.6195526123047
2020-10-29,24,44.07637770199,45.6762809753418
2020-10-30,24,45.2911179518031,44.925708770752
2020-11-02,24,45.6762823309954,47.226806640625
2020-11-03,24,47.6514697270147,48.1255149841309
2020-11-04,24,47.3551951268751,45.8738021850586
2020-11-05,24,46.3182193072298,48.3625411987305
2020-11-06,24,48.6193129158464,47.6317176818848
2020-11-09,24,50.9500406727055,51.4734649658203
2020-11-10,24,51.6808607581589,52.7968406677246
2020-11-11,24,52.8363461965327,51.5623474121094
2020-11-12,24,51.0981816180789,50.4068641662598
2020-11-13,24,49.646412377429,51.325325012207
2020-11-16,24,52.8857257748191,53.2610130310059
2020-11-17,24,52.500562370114,53.8041877746582
2020-11-18,24,53.9720828237429,54.6140174865723
2020-11-19,24,54.228856223196,54.6535224914551
2020-11-20,24,54.3868689543034,54.0510864257813
2020-11-23,24,54.5942657584715,55.2460784912109
2020-11-24,24,56.2929299643911,57.0138740539551
2020-11-25,24,56.7373471363677,55.7299995422363
2020-11-27,24,55.9099998474121,55.4000015258789
2020-11-30,24,54.8899993896484,53.0099983215332
2020-12-01,24,54.4300003051758,53.5299987792969
2020-12-02,24,53.3199996948242,53.2000007629395
2020-12-03,24,52.9900016784668,53.5999984741211
2020-12-04,24,53.810001373291,55.0499992370605
2020-12-07,24,54.9300003051758,53.2099990844727
2020-12-08,24,52.9000015258789,54.5499992370605
2020-12-09,24,54.939998626709,54.6599998474121
2020-12-10,24,54.6599998474121,54.4300003051758
2020-12-11,24,54.2900009155273,54
2020-12-14,24,54.5999984741211,53.060001373291
2020-12-15,24,53.8499984741211,54.1300010681152
2020-12-16,24,54.0299987792969,53.8300018310547
2020-12-17,24,54.2000007629395,53.8300018310547
2020-12-18,24,55.1100006103516,55.6599998474121
2020-12-21,24,54.0499992370605,55.0800018310547
2020-12-22,24,55.0099983215332,54.6699981689453
2020-12-23,24,55.0200004577637,54.75
2020-12-24,24,54.9199981689453,54.7900009155273
2020-12-28,24,55.2700004577637,54.2900009155273
2020-12-29,24,54.5,54.3300018310547
2020-12-30,24,54.3499984741211,55.4700012207031
2020-12-31,24,55.4700012207031,55.5
2021-01-04,24,55.8199996948242,54.0400009155273
2021-01-05,24,54.1399993896484,55.7999992370605
2021-01-06,24,56.9500007629395,58.4300003051758
2021-01-07,24,59,58.5099983215332
2021-01-08,24,58.3699989318848,58.2099990844727
2021-01-11,24,57.7000007629395,58.8600006103516
2021-01-12,24,59.3199996948242,61.0400009155273
2021-01-13,24,60.75,59.7900009155273
2020-10-13,25,284.150667654997,288.785369873047
2020-10-14,25,287.940001303298,285.533111572266
2020-10-15,25,282.579215638947,285.980682373047
2020-10-16,25,286.686802855663,286.100006103516
2020-10-19,25,288.188643354925,282.191345214844
2020-10-20,25,283.593686861814,284.488800048828
2020-10-21,25,283.842334636394,282.967102050781
2020-10-22,25,282.390251899998,279.635284423828
2020-10-23,25,280.848668606972,281.465301513672
2020-10-26,25,278.123512875684,274.543029785156
2020-10-27,25,275.487864556763,275.338684082031
2020-10-28,25,268.784418265741,268.257293701172
2020-10-29,25,268.227457832866,268.167785644531
2020-10-30,25,267.362183995368,265.263610839844
2020-11-02,25,268.684962263397,269.271759033203
2020-11-03,25,273.359491126848,275.865814208984
2020-11-04,25,275.259127939028,281.186798095703
2020-11-05,25,286.786277649845,284.299835205078
2020-11-06,25,285.175064650314,282.698547363281
2020-11-09,25,286.418292211845,268.505950927734
2020-11-10,25,271.310669186357,274.075592041016
2020-11-11,25,275.816083098623,276.243743896484
2020-11-12,25,281.465293655472,274.741943359375
2020-11-13,25,274.92099837337,275.666931152344
2020-11-16,25,277.665994451128,278.053894042969
2020-11-17,25,270.624412482972,270.992401123047
2020-11-18,25,269.033079165314,268.36669921875
2020-11-19,25,268.953510275448,269.460723876953
2020-11-20,25,269.977922508439,268.346801757813
2020-11-23,25,268.545745889659,269.928192138672
2020-11-24,25,272.514080337908,271.827819824219
2020-11-25,25,271.996926668444,272.474304199219
2020-11-27,25,273.747353411032,274.493286132813
2020-11-30,25,273.727483073335,275.905609130859
2020-12-01,25,277.218459983965,275.100006103516
2020-12-02,25,273.970001220703,271.100006103516
2020-12-03,25,270.630004882813,268.140014648438
2020-12-04,25,267.470001220703,263.989990234375
2020-12-07,25,263.5,262.640014648438
2020-12-08,25,261.720001220703,261.720001220703
2020-12-09,25,264.609985351563,265.579986572266
2020-12-10,25,264.079986572266,264.809997558594
2020-12-11,25,263.359985351563,264.549987792969
2020-12-14,25,266.140014648438,265.579986572266
2020-12-15,25,267.510009765625,267.980010986328
2020-12-16,25,268.529998779297,269.589996337891
2020-12-17,25,272.160003662109,273.970001220703
2020-12-18,25,274.589996337891,270.450012207031
2020-12-21,25,268.559997558594,270.989990234375
2020-12-22,25,270.059997558594,270.040008544922
2020-12-23,25,270.059997558594,269.809997558594
2020-12-24,25,269.440002441406,270.920013427734
2020-12-28,25,272.170013427734,269.25
2020-12-29,25,269.980010986328,266.190002441406
2020-12-30,25,266.109985351563,265.260009765625
2020-12-31,25,265.570007324219,265.619995117188
2021-01-04,25,266.010009765625,263.920013427734
2021-01-05,25,262.660003662109,266.049987792969
2021-01-06,25,264.059997558594,267.570007324219
2021-01-07,25,266.950012207031,266.260009765625
2021-01-08,25,267.350006103516,269.089996337891
2021-01-11,25,267.470001220703,271.230010986328
2021-01-12,25,271.109985351563,276.329986572266
2021-01-13,25,278.309997558594,276.941192626953
2020-10-13,26,224.366453752726,226.006713867188
2020-10-14,26,227.060441481653,226.275100708008
2020-10-15,26,224.813787794173,228.283172607422
2020-10-16,26,228.412416222955,228.014770507813
2020-10-19,26,228.193716112183,224.664688110352
2020-10-20,26,225.400313145522,226.106109619141
2020-10-21,26,225.887416545365,226.841751098633
2020-10-22,26,226.414279674827,227.79606628418
2020-10-23,26,229.048625607937,227.358673095703
2020-10-26,26,225.440064667301,222.944900512695
2020-10-27,26,223.143725173738,221.652587890625
2020-10-28,26,217.099644343718,213.421508789063
2020-10-29,26,213.421503832217,213.679962158203
2020-10-30,26,212.337946552158,211.741485595703
2020-11-02,26,214.604483555547,211.304092407227
2020-11-03,26,214.316185564287,215.51904296875
2020-11-04,26,213.729670097119,213.600433349609
2020-11-05,26,214.793364385991,215.031936645508
2020-11-06,26,214.723767720305,215.280456542969
2020-11-09,26,225.450003521467,211.960189819336
2020-11-10,26,214.475235834548,212.059600830078
2020-11-11,26,213.540801519839,216.731842041016
2020-11-12,26,216.274542012208,211.811080932617
2020-11-13,26,212.496996104234,212.019836425781
2020-11-16,26,214.226719327901,215.449447631836
2020-11-17,26,214.326137618548,214.733703613281
2020-11-18,26,214.82318746119,214.246612548828
2020-11-19,26,213.570610827437,213.839019775391
2020-11-20,26,213.123273204314,212.825042724609
2020-11-23,26,213.868854112144,215.717864990234
2020-11-24,26,217.715973791201,218.411849975586
2020-11-25,26,218.680239546969,218.044021606445
2020-11-27,26,217.72593413702,217.040008544922
2020-11-30,26,216.460006713867,217.440002441406
2020-12-01,26,218.880004882813,216.139999389648
2020-12-02,26,214,210.860000610352
2020-12-03,26,210.940002441406,211.509994506836
2020-12-04,26,211.600006103516,210.740005493164
2020-12-07,26,208.529998779297,208.889999389648
2020-12-08,26,206.550003051758,208.389999389648
2020-12-09,26,209.490005493164,208.690002441406
2020-12-10,26,208.5,208.039993286133
2020-12-11,26,207.470001220703,207.759994506836
2020-12-14,26,210.729995727539,211.919998168945
2020-12-15,26,213.220001220703,214.860000610352
2020-12-16,26,214.880004882813,213.800003051758
2020-12-17,26,215.389999389648,214.25
2020-12-18,26,215.149993896484,215.080001831055
2020-12-21,26,210.619995117188,211.669998168945
2020-12-22,26,211.199996948242,211.919998168945
2020-12-23,26,212.300003051758,212.020004272461
2020-12-24,26,212.119995117188,211.389999389648
2020-12-28,26,212.990005493164,214.020004272461
2020-12-29,26,214.639999389648,212.710006713867
2020-12-30,26,212.960006713867,211.559997558594
2020-12-31,26,211.25,214.580001831055
2021-01-04,26,214.490005493164,210.220001220703
2021-01-05,26,210.179992675781,211.479995727539
2021-01-06,26,211.300003051758,211
2021-01-07,26,213.220001220703,211.979995727539
2021-01-08,26,212.899993896484,215.869995117188
2021-01-11,26,215.089996337891,214.229995727539
2021-01-12,26,213.690002441406,211.600006103516
2021-01-13,26,210.910003662109,212.419998168945
2020-10-13,27,127.792897398237,128.940582275391
2020-10-14,27,129.269911561862,127.403671264648
2020-10-15,27,126.226045291282,128.740982055664
2020-10-16,27,129.249951172772,127.742988586426
2020-10-19,27,128.840785890458,127.174133300781
2020-10-20,27,127.742988278557,128.232009887695
2020-10-21,27,128.241979674438,129.170104980469
2020-10-22,27,129.339786781089,129.758941650391
2020-10-23,27,129.738978345527,129.72900390625
2020-10-26,27,128.800860652083,128.112243652344
2020-10-27,27,128.521424027063,127.733009338379
2020-10-28,27,125.028448678537,121.83487701416
2020-10-29,27,122.034474513927,122.613311767578
2020-10-30,27,123.411703528053,119.838890075684
2020-11-02,27,122.124292471175,122.144248962402
2020-11-03,27,123.760998876635,124.339828491211
2020-11-04,27,125.078353767272,127.084312438965
2020-11-05,27,128.930604695158,129.439575195313
2020-11-06,27,129.649156073375,128.641174316406
2020-11-09,27,134.788802532264,128.691070556641
2020-11-10,27,129.788872929236,127.453567504883
2020-11-11,27,128.431601878123,127.403671264648
2020-11-12,27,126.365762807452,126.385719299316
2020-11-13,27,127.653178201364,128.022430419922
2020-11-16,27,129.200066098369,129.848754882813
2020-11-17,27,130.218012167505,131.944549560547
2020-11-18,27,132.802818484236,131.365707397461
2020-11-19,27,131.655116040431,131.645141601563
2020-11-20,27,133.032346951988,132.712982177734
2020-11-23,27,134.110185284605,133.860687255859
2020-11-24,27,134.728935592389,134.429534912109
2020-11-25,27,133.980434463475,135.267837524414
2020-11-27,27,135.726924391876,133.980438232422
2020-11-30,27,133.641127841252,134.429534912109
2020-12-01,27,136.166037089186,135.168045043945
2020-12-02,27,134.888614923774,135.307769775391
2020-12-03,27,134.828731740675,136.684997558594
2020-12-04,27,137.080001831055,137.190002441406
2020-12-07,27,137,138.75
2020-12-08,27,138.240005493164,139.119995117188
2020-12-09,27,140.570007324219,138.789993286133
2020-12-10,27,138.279998779297,137.580001831055
2020-12-11,27,137.389999389648,137.410003662109
2020-12-14,27,138.919998168945,136.279998779297
2020-12-15,27,137.429992675781,139.389999389648
2020-12-16,27,139.070007324219,138.339996337891
2020-12-17,27,139.919998168945,140.5
2020-12-18,27,141.089996337891,137.279998779297
2020-12-21,27,144.820007324219,144.020004272461
2020-12-22,27,143.050003051758,142.449996948242
2020-12-23,27,142.559997558594,141.759994506836
2020-12-24,27,141.100006103516,141.600006103516
2020-12-28,27,142.539993286133,142.429992675781
2020-12-29,27,142.830001831055,141.570007324219
2020-12-30,27,142.160003662109,141.580001831055
2020-12-31,27,141.699996948242,141.470001220703
2021-01-04,27,142.850006103516,140.100006103516
2021-01-05,27,138.600006103516,141.229995727539
2021-01-06,27,141.25,142.350006103516
2021-01-07,27,143.199996948242,144.949996948242
2021-01-08,27,145.550003051758,146.350006103516
2021-01-11,27,146,147.050003051758
2021-01-12,27,146.5,145.050003051758
2021-01-13,27,144.830001831055,143.335998535156
2020-10-13,28,59.0676610936005,58.7312622070313
2020-10-14,28,58.8302005125348,57.8111114501953
2020-10-15,28,57.4944985563401,57.5439682006836
2020-10-16,28,57.4648196948561,57.4351348876953
2020-10-19,28,57.5340761437039,56.6930770874023
2020-10-20,28,56.9305373195642,56.6436080932617
2020-10-21,28,56.5050942088274,56.1489067077637
2020-10-22,28,56.3269983475515,56.7227630615234
2020-10-23,28,57.1383136293291,57.3460884094238
2020-10-26,28,56.9107483876105,57.1976776123047
2020-10-27,28,57.0888423134913,56.7722320556641
2020-10-28,28,56.3171015358772,55.713565826416
2020-10-29,28,55.5651549084791,56.1587982177734
2020-10-30,28,56.0004916899948,56.3863639831543
2020-11-02,28,57.0591594917868,57.0888442993164
2020-11-03,28,57.197679133546,57.138313293457
2020-11-04,28,56.5842449405585,56.6139297485352
2020-11-05,28,57.3955564003144,57.5340766906738
2020-11-06,28,57.4648188547868,57.9100494384766
2020-11-09,28,59.4040591189772,59.2061767578125
2020-11-10,28,59.6415131933647,60.4528274536133
2020-11-11,28,60.6408186981285,60.353889465332
2020-11-12,28,60.2648422547813,60.1461143493652
2020-11-13,28,59.9878080426206,60.4132537841797
2020-11-16,28,60.1659016605128,60.2450523376465
2020-11-17,28,59.9185507012734,60.1065368652344
2020-11-18,28,60.4825131614459,59.6810913085938
2020-11-19,28,59.7602441145829,59.5722541809082
2020-11-20,28,59.5722540954959,59.4040565490723
2020-11-23,28,59.3743738572771,59.5920448303223
2020-11-24,28,59.9581225122323,59.9976997375488
2020-11-25,28,60.027382209008,59.7701377868652
2020-11-27,28,59.878973393879,59.9383392333984
2020-11-30,28,59.6810909149135,59.7701377868652
2020-12-01,28,59.789926521746,59.9383392333984
2020-12-02,28,60.7496526041793,60.710075378418
2020-12-03,28,60.4627238404404,61.086051940918
2020-12-04,28,60.898063659668,60.898063659668
2020-12-07,28,60.8683813784583,60.7001800537109
2020-12-08,28,60.5319812459633,60.7991218566895
2020-12-09,28,60.7991247616933,60.8090171813965
2020-12-10,28,60.6111317671623,59.8690757751465
2020-12-11,28,59.4436366196517,59.7107734680176
2020-12-14,28,59.9680203358823,59.3446922302246
2020-12-15,28,59.4337378752513,59.9086532592773
2020-12-16,28,59.5623618098747,59.2754325866699
2020-12-17,28,59.3446933564369,59.3743743896484
2020-12-18,28,59.3644800067839,59.8196067810059
2020-12-21,28,59.4238484522941,58.8598861694336
2020-12-22,28,58.6916836543742,58.3651809692383
2020-12-23,28,58.5729545767051,58.3354949951172
2020-12-24,28,58.3750714850537,58.2167663574219
2020-12-28,28,58.5333793933641,58.3552856445313
2020-12-29,28,58.4047552143091,58.1870880126953
2020-12-30,28,58.2068753115997,57.5241813659668
2020-12-31,28,57.4450297193148,58.1277198791504
2021-01-04,28,58.3354971704864,58.2266616821289
2021-01-05,28,58.2365552785643,57.9595222473145
2021-01-06,28,58.1870871655623,58.6620025634766
2021-01-07,28,58.2700004577637,58.5299987792969
2021-01-08,28,58.2299995422363,57.7999992370605
2021-01-11,28,57.75,57.4599990844727
2021-01-12,28,57.2700004577637,57.2599983215332
2021-01-13,28,57.2200012207031,56.9949989318848
2020-10-13,29,129.800003051758,128.960006713867
2020-10-14,29,129.139999389648,126.589996337891
2020-10-15,29,125,127.360000610352
2020-10-16,29,127.809997558594,126.809997558594
2020-10-19,29,127.370002746582,124.230003356934
2020-10-20,29,124.580001831055,124.949996948242
2020-10-21,29,124.360000610352,126.629997253418
2020-10-22,29,126.669998168945,127.559997558594
2020-10-23,29,128.100006103516,128.350006103516
2020-10-26,29,127.110000610352,124.059997558594
2020-10-27,29,124.029998779297,123.309997558594
2020-10-28,29,121.01000213623,118.470001220703
2020-10-29,29,118.160003662109,121.540000915527
2020-10-30,29,120.639999389648,121.25
2020-11-02,29,122.23999786377,120.129997253418
2020-11-03,29,121.610000610352,124.019996643066
2020-11-04,29,123.580001831055,125.069999694824
2020-11-05,29,126.779998779297,126.959999084473
2020-11-06,29,126.26000213623,127.459999084473
2020-11-09,29,140.259994506836,142.589996337891
2020-11-10,29,139.970001220703,142.110000610352
2020-11-11,29,141.470001220703,137.820007324219
2020-11-12,29,136.339996337891,135.520004272461
2020-11-13,29,140.899993896484,138.360000610352
2020-11-16,29,141.570007324219,144.669998168945
2020-11-17,29,144.399993896484,144.5
2020-11-18,29,144.5,143.899993896484
2020-11-19,29,142.570007324219,141.720001220703
2020-11-20,29,141.710006713867,141.070007324219
2020-11-23,29,142.449996948242,145.979995727539
2020-11-24,29,148.160003662109,151.490005493164
2020-11-25,29,150.270004272461,149.089996337891
2020-11-27,29,149,147.130004882813
2020-11-30,29,147.059997558594,148.009994506836
2020-12-01,29,149.570007324219,149.440002441406
2020-12-02,29,149.490005493164,153.610000610352
2020-12-03,29,153.449996948242,153.240005493164
2020-12-04,29,153.690002441406,154.139999389648
2020-12-07,29,153.179992675781,153.679992675781
2020-12-08,29,152.419998168945,153.720001220703
2020-12-09,29,156.289993286133,154.429992675781
2020-12-10,29,153.320007324219,154.690002441406
2020-12-11,29,169.679992675781,175.720001220703
2020-12-14,29,173.800003051758,169.300003051758
2020-12-15,29,170.490005493164,173.940002441406
2020-12-16,29,173.990005493164,173.119995117188
2020-12-17,29,173.820007324219,173.550003051758
2020-12-18,29,173.600006103516,172.889999389648
2020-12-21,29,170.089996337891,170.690002441406
2020-12-22,29,170,170.449996948242
2020-12-23,29,172.960006713867,173.550003051758
2020-12-24,29,173.990005493164,173.729995727539
2020-12-28,29,175.75,178.860000610352
2020-12-29,29,180.009994506836,177.300003051758
2020-12-30,29,178.5,181.169998168945
2020-12-31,29,181.220001220703,181.179992675781
2021-01-04,29,182.259994506836,177.679992675781
2021-01-05,29,176.199996948242,178.440002441406
2021-01-06,29,178.320007324219,179.119995117188
2021-01-07,29,179.5,178.580001831055
2021-01-08,29,178.809997558594,178.690002441406
2021-01-11,29,177.75,179.089996337891
2021-01-12,29,177.300003051758,175.990005493164
2021-01-13,29,174.399993896484,176.276092529297
